solid CATIA STL
  facet normal  0.000000e+00  0.000000e+00  1.000000e+00
    outer loop
      vertex  1.500000e+00  8.000000e+00  7.000000e+00
      vertex  6.581686e+00  8.813705e+00  7.000000e+00
      vertex  1.060660e+00  9.060660e+00  7.000000e+00
    endloop
  endfacet
  facet normal  0.000000e+00  0.000000e+00  1.000000e+00
    outer loop
      vertex  1.500000e+00  8.000000e+00  7.000000e+00
      vertex  1.060660e+00  6.939340e+00  7.000000e+00
      vertex  6.581686e+00  8.813705e+00  7.000000e+00
    endloop
  endfacet
  facet normal  0.000000e+00  -0.000000e+00  1.000000e+00
    outer loop
      vertex  2.500000e+00  3.269174e+01  7.000000e+00
      vertex  2.815330e+00  3.376965e+01  7.000000e+00
      vertex  2.989204e+00  3.988815e+01  7.000000e+00
    endloop
  endfacet
  facet normal  0.000000e+00  0.000000e+00  1.000000e+00
    outer loop
      vertex -1.219631e+01 -2.500000e+00  7.000000e+00
      vertex -9.060660e+00 -1.060660e+00  7.000000e+00
      vertex -9.500000e+00  1.836970e-16  7.000000e+00
    endloop
  endfacet
  facet normal  0.000000e+00  0.000000e+00  1.000000e+00
    outer loop
      vertex -2.500000e+00 -1.219631e+01  7.000000e+00
      vertex -2.755455e-16 -9.500000e+00  7.000000e+00
      vertex -2.859175e+00 -1.105277e+01  7.000000e+00
    endloop
  endfacet
  facet normal  0.000000e+00  0.000000e+00  1.000000e+00
    outer loop
      vertex -2.500000e+00 -1.219631e+01  7.000000e+00
      vertex -2.500000e+00 -3.269174e+01  7.000000e+00
      vertex -2.755455e-16 -9.500000e+00  7.000000e+00
    endloop
  endfacet
  facet normal  0.000000e+00  0.000000e+00  1.000000e+00
    outer loop
      vertex  2.042859e+01  2.841958e+01  7.000000e+00
      vertex  2.000000e+01  3.464102e+01  7.000000e+00
      vertex  1.557248e+01  3.134482e+01  7.000000e+00
    endloop
  endfacet
  facet normal  0.000000e+00  0.000000e+00  9.999999e-01
    outer loop
      vertex  2.000000e+01  3.464102e+01  7.000000e+00
      vertex  1.461364e+01  3.723495e+01  7.000000e+00
      vertex  1.557248e+01  3.134482e+01  7.000000e+00
    endloop
  endfacet
  facet normal  0.000000e+00  0.000000e+00  1.000000e+00
    outer loop
      vertex  1.557248e+01  3.134482e+01  7.000000e+00
      vertex  1.461364e+01  3.723495e+01  7.000000e+00
      vertex  1.030782e+01  3.344770e+01  7.000000e+00
    endloop
  endfacet
  facet normal  0.000000e+00  0.000000e+00  1.000000e+00
    outer loop
      vertex  3.661888e+00  3.450766e+01  7.000000e+00
      vertex  2.989204e+00  3.988815e+01  7.000000e+00
      vertex  2.815330e+00  3.376965e+01  7.000000e+00
    endloop
  endfacet
  facet normal  0.000000e+00  0.000000e+00  1.000000e+00
    outer loop
      vertex -1.500000e+00  8.000000e+00  7.000000e+00
      vertex -1.060660e+00  9.060660e+00  7.000000e+00
      vertex -6.581686e+00  8.813705e+00  7.000000e+00
    endloop
  endfacet
  facet normal  0.000000e+00  0.000000e+00  1.000000e+00
    outer loop
      vertex -3.450766e+01 -3.661888e+00  7.000000e+00
      vertex -3.376965e+01 -2.815330e+00  7.000000e+00
      vertex -3.955323e+01 -5.961690e+00  7.000000e+00
    endloop
  endfacet
  facet normal  0.000000e+00  0.000000e+00  9.999999e-01
    outer loop
      vertex -1.913417e+00  4.619398e+00  7.000000e+00
      vertex  3.061617e-16  5.000000e+00  7.000000e+00
      vertex -2.755455e-16  6.500000e+00  7.000000e+00
    endloop
  endfacet
  facet normal  0.000000e+00  -0.000000e+00  9.999999e-01
    outer loop
      vertex -3.807692e+00 -1.031996e+01  7.000000e+00
      vertex -2.859175e+00 -1.105277e+01  7.000000e+00
      vertex -2.755455e-16 -9.500000e+00  7.000000e+00
    endloop
  endfacet
  facet normal  0.000000e+00  0.000000e+00  9.999999e-01
    outer loop
      vertex  1.913417e+00  4.619398e+00  7.000000e+00
      vertex -2.755455e-16  6.500000e+00  7.000000e+00
      vertex  3.061617e-16  5.000000e+00  7.000000e+00
    endloop
  endfacet
  facet normal  0.000000e+00  0.000000e+00  1.000000e+00
    outer loop
      vertex  3.807692e+00 -1.031996e+01  7.000000e+00
      vertex -2.755455e-16 -9.500000e+00  7.000000e+00
      vertex  2.859175e+00 -1.105277e+01  7.000000e+00
    endloop
  endfacet
  facet normal  0.000000e+00  0.000000e+00  1.000000e+00
    outer loop
      vertex  2.500000e+00 -1.219631e+01  7.000000e+00
      vertex  2.859175e+00 -1.105277e+01  7.000000e+00
      vertex -2.755455e-16 -9.500000e+00  7.000000e+00
    endloop
  endfacet
  facet normal  0.000000e+00  0.000000e+00  1.000000e+00
    outer loop
      vertex  3.955323e+01 -5.961690e+00  7.000000e+00
      vertex  3.376965e+01 -2.815330e+00  7.000000e+00
      vertex  3.450766e+01 -3.661888e+00  7.000000e+00
    endloop
  endfacet
  facet normal  0.000000e+00  0.000000e+00  1.000000e+00
    outer loop
      vertex  3.467306e+01 -4.772727e+00  7.000000e+00
      vertex  3.955323e+01 -5.961690e+00  7.000000e+00
      vertex  3.450766e+01 -3.661888e+00  7.000000e+00
    endloop
  endfacet
  facet normal  0.000000e+00  0.000000e+00  9.999999e-01
    outer loop
      vertex  4.772727e+00 -3.467306e+01  7.000000e+00
      vertex  3.661888e+00 -3.450766e+01  7.000000e+00
      vertex  2.989204e+00 -3.988815e+01  7.000000e+00
    endloop
  endfacet
  facet normal  0.000000e+00  0.000000e+00  1.000000e+00
    outer loop
      vertex  4.772727e+00 -3.467306e+01  7.000000e+00
      vertex  2.989204e+00 -3.988815e+01  7.000000e+00
      vertex  8.900837e+00 -3.899712e+01  7.000000e+00
    endloop
  endfacet
  facet normal  0.000000e+00  -0.000000e+00  9.999999e-01
    outer loop
      vertex  4.772727e+00 -3.467306e+01  7.000000e+00
      vertex  8.900837e+00 -3.899712e+01  7.000000e+00
      vertex  1.461364e+01 -3.723495e+01  7.000000e+00
    endloop
  endfacet
  facet normal  0.000000e+00  0.000000e+00  1.000000e+00
    outer loop
      vertex  4.772727e+00 -3.467306e+01  7.000000e+00
      vertex  1.461364e+01 -3.723495e+01  7.000000e+00
      vertex  1.030782e+01 -3.344770e+01  7.000000e+00
    endloop
  endfacet
  facet normal  0.000000e+00  -0.000000e+00  1.000000e+00
    outer loop
      vertex  4.772727e+00  3.467306e+01  7.000000e+00
      vertex  1.030782e+01  3.344770e+01  7.000000e+00
      vertex  1.461364e+01  3.723495e+01  7.000000e+00
    endloop
  endfacet
  facet normal  0.000000e+00  0.000000e+00  9.999999e-01
    outer loop
      vertex  4.772727e+00  3.467306e+01  7.000000e+00
      vertex  1.461364e+01  3.723495e+01  7.000000e+00
      vertex  8.900837e+00  3.899712e+01  7.000000e+00
    endloop
  endfacet
  facet normal  0.000000e+00  0.000000e+00  1.000000e+00
    outer loop
      vertex  4.772727e+00  3.467306e+01  7.000000e+00
      vertex  8.900837e+00  3.899712e+01  7.000000e+00
      vertex  2.989204e+00  3.988815e+01  7.000000e+00
    endloop
  endfacet
  facet normal  0.000000e+00  0.000000e+00  1.000000e+00
    outer loop
      vertex  4.772727e+00  3.467306e+01  7.000000e+00
      vertex  2.989204e+00  3.988815e+01  7.000000e+00
      vertex  3.661888e+00  3.450766e+01  7.000000e+00
    endloop
  endfacet
  facet normal  -0.000000e+00  0.000000e+00  1.000000e+00
    outer loop
      vertex  9.500000e+00  0.000000e+00  7.000000e+00
      vertex  9.060660e+00 -1.060660e+00  7.000000e+00
      vertex  1.219631e+01 -2.500000e+00  7.000000e+00
    endloop
  endfacet
  facet normal  0.000000e+00  -0.000000e+00  9.999999e-01
    outer loop
      vertex  9.500000e+00  0.000000e+00  7.000000e+00
      vertex  1.219631e+01 -2.500000e+00  7.000000e+00
      vertex  1.219631e+01  2.500000e+00  7.000000e+00
    endloop
  endfacet
  facet normal  0.000000e+00  0.000000e+00  1.000000e+00
    outer loop
      vertex  9.500000e+00  0.000000e+00  7.000000e+00
      vertex  1.219631e+01  2.500000e+00  7.000000e+00
      vertex  9.060660e+00  1.060660e+00  7.000000e+00
    endloop
  endfacet
  facet normal  0.000000e+00  -0.000000e+00  1.000000e+00
    outer loop
      vertex -2.989204e+00 -3.988815e+01  7.000000e+00
      vertex  2.989204e+00 -3.988815e+01  7.000000e+00
      vertex  3.661888e+00 -3.450766e+01  7.000000e+00
    endloop
  endfacet
  facet normal  0.000000e+00  0.000000e+00  1.000000e+00
    outer loop
      vertex -2.989204e+00 -3.988815e+01  7.000000e+00
      vertex  3.661888e+00 -3.450766e+01  7.000000e+00
      vertex  2.815330e+00 -3.376965e+01  7.000000e+00
    endloop
  endfacet
  facet normal  0.000000e+00  0.000000e+00  9.999999e-01
    outer loop
      vertex -2.989204e+00 -3.988815e+01  7.000000e+00
      vertex  2.815330e+00 -3.376965e+01  7.000000e+00
      vertex  2.500000e+00 -3.269174e+01  7.000000e+00
    endloop
  endfacet
  facet normal  0.000000e+00  -0.000000e+00  1.000000e+00
    outer loop
      vertex -2.989204e+00 -3.988815e+01  7.000000e+00
      vertex  2.500000e+00 -3.269174e+01  7.000000e+00
      vertex  2.500000e+00 -1.219631e+01  7.000000e+00
    endloop
  endfacet
  facet normal  0.000000e+00  0.000000e+00  1.000000e+00
    outer loop
      vertex -2.989204e+00 -3.988815e+01  7.000000e+00
      vertex  2.500000e+00 -1.219631e+01  7.000000e+00
      vertex -2.755455e-16 -9.500000e+00  7.000000e+00
    endloop
  endfacet
  facet normal  0.000000e+00  0.000000e+00  1.000000e+00
    outer loop
      vertex -2.989204e+00 -3.988815e+01  7.000000e+00
      vertex -2.755455e-16 -9.500000e+00  7.000000e+00
      vertex -2.500000e+00 -3.269174e+01  7.000000e+00
    endloop
  endfacet
  facet normal  0.000000e+00  0.000000e+00  1.000000e+00
    outer loop
      vertex -2.989204e+00 -3.988815e+01  7.000000e+00
      vertex -2.500000e+00 -3.269174e+01  7.000000e+00
      vertex -2.815330e+00 -3.376965e+01  7.000000e+00
    endloop
  endfacet
  facet normal  0.000000e+00  0.000000e+00  1.000000e+00
    outer loop
      vertex -2.989204e+00 -3.988815e+01  7.000000e+00
      vertex -2.815330e+00 -3.376965e+01  7.000000e+00
      vertex -3.661888e+00 -3.450766e+01  7.000000e+00
    endloop
  endfacet
  facet normal  0.000000e+00  0.000000e+00  9.999999e-01
    outer loop
      vertex -2.989204e+00 -3.988815e+01  7.000000e+00
      vertex -3.661888e+00 -3.450766e+01  7.000000e+00
      vertex -4.772727e+00 -3.467306e+01  7.000000e+00
    endloop
  endfacet
  facet normal  0.000000e+00  0.000000e+00  1.000000e+00
    outer loop
      vertex -2.989204e+00 -3.988815e+01  7.000000e+00
      vertex -4.772727e+00 -3.467306e+01  7.000000e+00
      vertex -1.030782e+01 -3.344770e+01  7.000000e+00
    endloop
  endfacet
  facet normal  0.000000e+00  0.000000e+00  1.000000e+00
    outer loop
      vertex -2.989204e+00 -3.988815e+01  7.000000e+00
      vertex -1.030782e+01 -3.344770e+01  7.000000e+00
      vertex -8.900837e+00 -3.899712e+01  7.000000e+00
    endloop
  endfacet
  facet normal  -0.000000e+00  0.000000e+00  1.000000e+00
    outer loop
      vertex -2.989204e+00  3.988815e+01  7.000000e+00
      vertex -8.900837e+00  3.899712e+01  7.000000e+00
      vertex -4.772727e+00  3.467306e+01  7.000000e+00
    endloop
  endfacet
  facet normal  -0.000000e+00  0.000000e+00  9.999999e-01
    outer loop
      vertex -2.989204e+00  3.988815e+01  7.000000e+00
      vertex -4.772727e+00  3.467306e+01  7.000000e+00
      vertex -3.661888e+00  3.450766e+01  7.000000e+00
    endloop
  endfacet
  facet normal  -0.000000e+00  0.000000e+00  1.000000e+00
    outer loop
      vertex -2.989204e+00  3.988815e+01  7.000000e+00
      vertex -3.661888e+00  3.450766e+01  7.000000e+00
      vertex -2.815330e+00  3.376965e+01  7.000000e+00
    endloop
  endfacet
  facet normal  -0.000000e+00  -0.000000e+00  1.000000e+00
    outer loop
      vertex -2.989204e+00  3.988815e+01  7.000000e+00
      vertex -2.815330e+00  3.376965e+01  7.000000e+00
      vertex -2.500000e+00  3.269174e+01  7.000000e+00
    endloop
  endfacet
  facet normal  -0.000000e+00  -0.000000e+00  1.000000e+00
    outer loop
      vertex -2.989204e+00  3.988815e+01  7.000000e+00
      vertex -2.500000e+00  3.269174e+01  7.000000e+00
      vertex  9.184851e-17  9.500000e+00  7.000000e+00
    endloop
  endfacet
  facet normal  0.000000e+00  -0.000000e+00  9.999999e-01
    outer loop
      vertex -2.989204e+00  3.988815e+01  7.000000e+00
      vertex  9.184851e-17  9.500000e+00  7.000000e+00
      vertex  2.989204e+00  3.988815e+01  7.000000e+00
    endloop
  endfacet
  facet normal  0.000000e+00  -0.000000e+00  9.999999e-01
    outer loop
      vertex -1.913417e+00 -4.619398e+00  7.000000e+00
      vertex -1.500000e+00 -8.000000e+00  7.000000e+00
      vertex -1.060660e+00 -6.939340e+00  7.000000e+00
    endloop
  endfacet
  facet normal  0.000000e+00  -0.000000e+00  1.000000e+00
    outer loop
      vertex -1.913417e+00 -4.619398e+00  7.000000e+00
      vertex -1.060660e+00 -6.939340e+00  7.000000e+00
      vertex  9.184851e-17 -6.500000e+00  7.000000e+00
    endloop
  endfacet
  facet normal  0.000000e+00  0.000000e+00  9.999999e-01
    outer loop
      vertex -1.913417e+00 -4.619398e+00  7.000000e+00
      vertex  9.184851e-17 -6.500000e+00  7.000000e+00
      vertex -9.184850e-16 -5.000000e+00  7.000000e+00
    endloop
  endfacet
  facet normal  0.000000e+00  -0.000000e+00  1.000000e+00
    outer loop
      vertex -4.000000e+01  4.898587e-15  7.000000e+00
      vertex -3.955323e+01 -5.961690e+00  7.000000e+00
      vertex -3.376965e+01 -2.815330e+00  7.000000e+00
    endloop
  endfacet
  facet normal  0.000000e+00  -0.000000e+00  1.000000e+00
    outer loop
      vertex -4.000000e+01  4.898587e-15  7.000000e+00
      vertex -3.376965e+01 -2.815330e+00  7.000000e+00
      vertex -3.269174e+01 -2.500000e+00  7.000000e+00
    endloop
  endfacet
  facet normal  0.000000e+00  -0.000000e+00  1.000000e+00
    outer loop
      vertex -4.000000e+01  4.898587e-15  7.000000e+00
      vertex -3.269174e+01 -2.500000e+00  7.000000e+00
      vertex -3.269174e+01  2.500000e+00  7.000000e+00
    endloop
  endfacet
  facet normal  0.000000e+00  0.000000e+00  1.000000e+00
    outer loop
      vertex -4.000000e+01  4.898587e-15  7.000000e+00
      vertex -3.269174e+01  2.500000e+00  7.000000e+00
      vertex -3.376965e+01  2.815330e+00  7.000000e+00
    endloop
  endfacet
  facet normal  0.000000e+00  0.000000e+00  1.000000e+00
    outer loop
      vertex -4.000000e+01  4.898587e-15  7.000000e+00
      vertex -3.376965e+01  2.815330e+00  7.000000e+00
      vertex -3.450766e+01  3.661888e+00  7.000000e+00
    endloop
  endfacet
  facet normal  0.000000e+00  0.000000e+00  1.000000e+00
    outer loop
      vertex -4.000000e+01  4.898587e-15  7.000000e+00
      vertex -3.450766e+01  3.661888e+00  7.000000e+00
      vertex -3.467306e+01  4.772727e+00  7.000000e+00
    endloop
  endfacet
  facet normal  0.000000e+00  0.000000e+00  1.000000e+00
    outer loop
      vertex -4.000000e+01  4.898587e-15  7.000000e+00
      vertex -3.467306e+01  4.772727e+00  7.000000e+00
      vertex -3.955323e+01  5.961690e+00  7.000000e+00
    endloop
  endfacet
  facet normal  0.000000e+00  0.000000e+00  1.000000e+00
    outer loop
      vertex -8.000000e+00 -1.500000e+00  7.000000e+00
      vertex -9.060660e+00 -1.060660e+00  7.000000e+00
      vertex -1.219631e+01 -2.500000e+00  7.000000e+00
    endloop
  endfacet
  facet normal  -0.000000e+00  0.000000e+00  1.000000e+00
    outer loop
      vertex -8.000000e+00 -1.500000e+00  7.000000e+00
      vertex -1.219631e+01 -2.500000e+00  7.000000e+00
      vertex -1.105277e+01 -2.859175e+00  7.000000e+00
    endloop
  endfacet
  facet normal  -0.000000e+00  0.000000e+00  1.000000e+00
    outer loop
      vertex -8.000000e+00 -1.500000e+00  7.000000e+00
      vertex -1.105277e+01 -2.859175e+00  7.000000e+00
      vertex -1.031996e+01 -3.807692e+00  7.000000e+00
    endloop
  endfacet
  facet normal  -0.000000e+00  0.000000e+00  1.000000e+00
    outer loop
      vertex -8.000000e+00 -1.500000e+00  7.000000e+00
      vertex -1.031996e+01 -3.807692e+00  7.000000e+00
      vertex -8.813705e+00 -6.581686e+00  7.000000e+00
    endloop
  endfacet
  facet normal  -0.000000e+00  0.000000e+00  1.000000e+00
    outer loop
      vertex -8.000000e+00 -1.500000e+00  7.000000e+00
      vertex -8.813705e+00 -6.581686e+00  7.000000e+00
      vertex -6.581686e+00 -8.813705e+00  7.000000e+00
    endloop
  endfacet
  facet normal  0.000000e+00  -0.000000e+00  9.999999e-01
    outer loop
      vertex -8.000000e+00  1.500000e+00  7.000000e+00
      vertex -6.939340e+00  1.060660e+00  7.000000e+00
      vertex -4.619398e+00  1.913417e+00  7.000000e+00
    endloop
  endfacet
  facet normal  0.000000e+00  -0.000000e+00  1.000000e+00
    outer loop
      vertex -8.000000e+00  1.500000e+00  7.000000e+00
      vertex -4.619398e+00  1.913417e+00  7.000000e+00
      vertex -3.535534e+00  3.535534e+00  7.000000e+00
    endloop
  endfacet
  facet normal  0.000000e+00  -0.000000e+00  1.000000e+00
    outer loop
      vertex -8.000000e+00  1.500000e+00  7.000000e+00
      vertex -3.535534e+00  3.535534e+00  7.000000e+00
      vertex -1.913417e+00  4.619398e+00  7.000000e+00
    endloop
  endfacet
  facet normal  0.000000e+00  -0.000000e+00  1.000000e+00
    outer loop
      vertex -8.000000e+00  1.500000e+00  7.000000e+00
      vertex -1.913417e+00  4.619398e+00  7.000000e+00
      vertex -2.755455e-16  6.500000e+00  7.000000e+00
    endloop
  endfacet
  facet normal  0.000000e+00  0.000000e+00  1.000000e+00
    outer loop
      vertex -8.000000e+00  1.500000e+00  7.000000e+00
      vertex -2.755455e-16  6.500000e+00  7.000000e+00
      vertex -1.060660e+00  6.939340e+00  7.000000e+00
    endloop
  endfacet
  facet normal  0.000000e+00  0.000000e+00  9.999999e-01
    outer loop
      vertex -8.000000e+00  1.500000e+00  7.000000e+00
      vertex -1.060660e+00  6.939340e+00  7.000000e+00
      vertex -1.500000e+00  8.000000e+00  7.000000e+00
    endloop
  endfacet
  facet normal  0.000000e+00  0.000000e+00  1.000000e+00
    outer loop
      vertex -8.000000e+00  1.500000e+00  7.000000e+00
      vertex -1.500000e+00  8.000000e+00  7.000000e+00
      vertex -6.581686e+00  8.813705e+00  7.000000e+00
    endloop
  endfacet
  facet normal  0.000000e+00  0.000000e+00  1.000000e+00
    outer loop
      vertex -8.000000e+00  1.500000e+00  7.000000e+00
      vertex -6.581686e+00  8.813705e+00  7.000000e+00
      vertex -8.813705e+00  6.581686e+00  7.000000e+00
    endloop
  endfacet
  facet normal  0.000000e+00  0.000000e+00  1.000000e+00
    outer loop
      vertex -8.000000e+00  1.500000e+00  7.000000e+00
      vertex -8.813705e+00  6.581686e+00  7.000000e+00
      vertex -1.031996e+01  3.807692e+00  7.000000e+00
    endloop
  endfacet
  facet normal  0.000000e+00  0.000000e+00  1.000000e+00
    outer loop
      vertex -8.000000e+00  1.500000e+00  7.000000e+00
      vertex -1.031996e+01  3.807692e+00  7.000000e+00
      vertex -1.105277e+01  2.859175e+00  7.000000e+00
    endloop
  endfacet
  facet normal  0.000000e+00  0.000000e+00  1.000000e+00
    outer loop
      vertex -8.000000e+00  1.500000e+00  7.000000e+00
      vertex -1.105277e+01  2.859175e+00  7.000000e+00
      vertex -1.219631e+01  2.500000e+00  7.000000e+00
    endloop
  endfacet
  facet normal  0.000000e+00  0.000000e+00  1.000000e+00
    outer loop
      vertex -8.000000e+00  1.500000e+00  7.000000e+00
      vertex -1.219631e+01  2.500000e+00  7.000000e+00
      vertex -9.060660e+00  1.060660e+00  7.000000e+00
    endloop
  endfacet
  facet normal  0.000000e+00  0.000000e+00  1.000000e+00
    outer loop
      vertex  9.184851e-17  9.500000e+00  7.000000e+00
      vertex -2.500000e+00  3.269174e+01  7.000000e+00
      vertex -2.500000e+00  1.219631e+01  7.000000e+00
    endloop
  endfacet
  facet normal  0.000000e+00  0.000000e+00  1.000000e+00
    outer loop
      vertex  9.184851e-17  9.500000e+00  7.000000e+00
      vertex -2.500000e+00  1.219631e+01  7.000000e+00
      vertex -2.859175e+00  1.105277e+01  7.000000e+00
    endloop
  endfacet
  facet normal  0.000000e+00  0.000000e+00  9.999999e-01
    outer loop
      vertex  9.184851e-17  9.500000e+00  7.000000e+00
      vertex -2.859175e+00  1.105277e+01  7.000000e+00
      vertex -3.807692e+00  1.031996e+01  7.000000e+00
    endloop
  endfacet
  facet normal  0.000000e+00  0.000000e+00  1.000000e+00
    outer loop
      vertex  9.184851e-17  9.500000e+00  7.000000e+00
      vertex -3.807692e+00  1.031996e+01  7.000000e+00
      vertex -6.581686e+00  8.813705e+00  7.000000e+00
    endloop
  endfacet
  facet normal  0.000000e+00  0.000000e+00  1.000000e+00
    outer loop
      vertex  9.184851e-17  9.500000e+00  7.000000e+00
      vertex -6.581686e+00  8.813705e+00  7.000000e+00
      vertex -1.060660e+00  9.060660e+00  7.000000e+00
    endloop
  endfacet
  facet normal  0.000000e+00  -0.000000e+00  1.000000e+00
    outer loop
      vertex  8.000000e+00 -1.500000e+00  7.000000e+00
      vertex  1.031996e+01 -3.807692e+00  7.000000e+00
      vertex  1.105277e+01 -2.859175e+00  7.000000e+00
    endloop
  endfacet
  facet normal  0.000000e+00  -0.000000e+00  1.000000e+00
    outer loop
      vertex  8.000000e+00 -1.500000e+00  7.000000e+00
      vertex  1.105277e+01 -2.859175e+00  7.000000e+00
      vertex  1.219631e+01 -2.500000e+00  7.000000e+00
    endloop
  endfacet
  facet normal  0.000000e+00  0.000000e+00  1.000000e+00
    outer loop
      vertex  8.000000e+00 -1.500000e+00  7.000000e+00
      vertex  1.219631e+01 -2.500000e+00  7.000000e+00
      vertex  9.060660e+00 -1.060660e+00  7.000000e+00
    endloop
  endfacet
  facet normal  0.000000e+00  -0.000000e+00  1.000000e+00
    outer loop
      vertex  8.000000e+00  1.500000e+00  7.000000e+00
      vertex  9.060660e+00  1.060660e+00  7.000000e+00
      vertex  1.219631e+01  2.500000e+00  7.000000e+00
    endloop
  endfacet
  facet normal  0.000000e+00  0.000000e+00  1.000000e+00
    outer loop
      vertex  8.000000e+00  1.500000e+00  7.000000e+00
      vertex  1.219631e+01  2.500000e+00  7.000000e+00
      vertex  1.105277e+01  2.859175e+00  7.000000e+00
    endloop
  endfacet
  facet normal  0.000000e+00  0.000000e+00  1.000000e+00
    outer loop
      vertex  8.000000e+00  1.500000e+00  7.000000e+00
      vertex  1.105277e+01  2.859175e+00  7.000000e+00
      vertex  1.031996e+01  3.807692e+00  7.000000e+00
    endloop
  endfacet
  facet normal  0.000000e+00  0.000000e+00  1.000000e+00
    outer loop
      vertex  8.000000e+00  1.500000e+00  7.000000e+00
      vertex  1.031996e+01  3.807692e+00  7.000000e+00
      vertex  8.813705e+00  6.581686e+00  7.000000e+00
    endloop
  endfacet
  facet normal  0.000000e+00  0.000000e+00  1.000000e+00
    outer loop
      vertex  8.000000e+00  1.500000e+00  7.000000e+00
      vertex  8.813705e+00  6.581686e+00  7.000000e+00
      vertex  6.581686e+00  8.813705e+00  7.000000e+00
    endloop
  endfacet
  facet normal  0.000000e+00  0.000000e+00  1.000000e+00
    outer loop
      vertex  8.000000e+00  1.500000e+00  7.000000e+00
      vertex  6.581686e+00  8.813705e+00  7.000000e+00
      vertex  1.060660e+00  6.939340e+00  7.000000e+00
    endloop
  endfacet
  facet normal  0.000000e+00  0.000000e+00  1.000000e+00
    outer loop
      vertex  8.000000e+00  1.500000e+00  7.000000e+00
      vertex  1.060660e+00  6.939340e+00  7.000000e+00
      vertex -2.755455e-16  6.500000e+00  7.000000e+00
    endloop
  endfacet
  facet normal  0.000000e+00  0.000000e+00  1.000000e+00
    outer loop
      vertex  8.000000e+00  1.500000e+00  7.000000e+00
      vertex -2.755455e-16  6.500000e+00  7.000000e+00
      vertex  1.913417e+00  4.619398e+00  7.000000e+00
    endloop
  endfacet
  facet normal  0.000000e+00  0.000000e+00  1.000000e+00
    outer loop
      vertex  8.000000e+00  1.500000e+00  7.000000e+00
      vertex  1.913417e+00  4.619398e+00  7.000000e+00
      vertex  3.535534e+00  3.535534e+00  7.000000e+00
    endloop
  endfacet
  facet normal  0.000000e+00  0.000000e+00  1.000000e+00
    outer loop
      vertex  8.000000e+00  1.500000e+00  7.000000e+00
      vertex  3.535534e+00  3.535534e+00  7.000000e+00
      vertex  4.619398e+00  1.913417e+00  7.000000e+00
    endloop
  endfacet
  facet normal  0.000000e+00  0.000000e+00  1.000000e+00
    outer loop
      vertex  8.000000e+00  1.500000e+00  7.000000e+00
      vertex  4.619398e+00  1.913417e+00  7.000000e+00
      vertex  6.939340e+00  1.060660e+00  7.000000e+00
    endloop
  endfacet
  facet normal  -0.000000e+00  -0.000000e+00  1.000000e+00
    outer loop
      vertex  9.184851e-17  9.500000e+00  7.000000e+00
      vertex  1.060660e+00  9.060660e+00  7.000000e+00
      vertex  6.581686e+00  8.813705e+00  7.000000e+00
    endloop
  endfacet
  facet normal  0.000000e+00  0.000000e+00  1.000000e+00
    outer loop
      vertex  9.184851e-17  9.500000e+00  7.000000e+00
      vertex  6.581686e+00  8.813705e+00  7.000000e+00
      vertex  3.807692e+00  1.031996e+01  7.000000e+00
    endloop
  endfacet
  facet normal  0.000000e+00  0.000000e+00  9.999999e-01
    outer loop
      vertex  9.184851e-17  9.500000e+00  7.000000e+00
      vertex  3.807692e+00  1.031996e+01  7.000000e+00
      vertex  2.859175e+00  1.105277e+01  7.000000e+00
    endloop
  endfacet
  facet normal  0.000000e+00  0.000000e+00  1.000000e+00
    outer loop
      vertex  9.184851e-17  9.500000e+00  7.000000e+00
      vertex  2.859175e+00  1.105277e+01  7.000000e+00
      vertex  2.500000e+00  1.219631e+01  7.000000e+00
    endloop
  endfacet
  facet normal  0.000000e+00  -0.000000e+00  1.000000e+00
    outer loop
      vertex  9.184851e-17  9.500000e+00  7.000000e+00
      vertex  2.500000e+00  1.219631e+01  7.000000e+00
      vertex  2.500000e+00  3.269174e+01  7.000000e+00
    endloop
  endfacet
  facet normal  0.000000e+00  -0.000000e+00  1.000000e+00
    outer loop
      vertex  9.184851e-17  9.500000e+00  7.000000e+00
      vertex  2.500000e+00  3.269174e+01  7.000000e+00
      vertex  2.989204e+00  3.988815e+01  7.000000e+00
    endloop
  endfacet
  facet normal  0.000000e+00  0.000000e+00  1.000000e+00
    outer loop
      vertex  4.000000e+01  0.000000e+00  7.000000e+00
      vertex  3.955323e+01  5.961690e+00  7.000000e+00
      vertex  3.467306e+01  4.772727e+00  7.000000e+00
    endloop
  endfacet
  facet normal  0.000000e+00  0.000000e+00  1.000000e+00
    outer loop
      vertex  4.000000e+01  0.000000e+00  7.000000e+00
      vertex  3.467306e+01  4.772727e+00  7.000000e+00
      vertex  3.450766e+01  3.661888e+00  7.000000e+00
    endloop
  endfacet
  facet normal  0.000000e+00  0.000000e+00  9.999999e-01
    outer loop
      vertex  4.000000e+01  0.000000e+00  7.000000e+00
      vertex  3.450766e+01  3.661888e+00  7.000000e+00
      vertex  3.376965e+01  2.815330e+00  7.000000e+00
    endloop
  endfacet
  facet normal  0.000000e+00  0.000000e+00  1.000000e+00
    outer loop
      vertex  4.000000e+01  0.000000e+00  7.000000e+00
      vertex  3.376965e+01  2.815330e+00  7.000000e+00
      vertex  3.269174e+01  2.500000e+00  7.000000e+00
    endloop
  endfacet
  facet normal  0.000000e+00  0.000000e+00  1.000000e+00
    outer loop
      vertex  4.000000e+01  0.000000e+00  7.000000e+00
      vertex  3.269174e+01  2.500000e+00  7.000000e+00
      vertex  3.269174e+01 -2.500000e+00  7.000000e+00
    endloop
  endfacet
  facet normal  -0.000000e+00  0.000000e+00  1.000000e+00
    outer loop
      vertex  4.000000e+01  0.000000e+00  7.000000e+00
      vertex  3.269174e+01 -2.500000e+00  7.000000e+00
      vertex  3.376965e+01 -2.815330e+00  7.000000e+00
    endloop
  endfacet
  facet normal  -0.000000e+00  0.000000e+00  1.000000e+00
    outer loop
      vertex  4.000000e+01  0.000000e+00  7.000000e+00
      vertex  3.376965e+01 -2.815330e+00  7.000000e+00
      vertex  3.955323e+01 -5.961690e+00  7.000000e+00
    endloop
  endfacet
  facet normal  -0.000000e+00  0.000000e+00  1.000000e+00
    outer loop
      vertex -2.474874e+01 -2.474874e+01  7.000000e+00
      vertex -2.932207e+01 -2.720691e+01  7.000000e+00
      vertex -2.042859e+01 -2.841958e+01  7.000000e+00
    endloop
  endfacet
  facet normal  0.000000e+00  0.000000e+00  1.000000e+00
    outer loop
      vertex -2.042859e+01 -2.841958e+01  7.000000e+00
      vertex -2.932207e+01 -2.720691e+01  7.000000e+00
      vertex -2.493959e+01 -3.127326e+01  7.000000e+00
    endloop
  endfacet
  facet normal  -0.000000e+00  0.000000e+00  1.000000e+00
    outer loop
      vertex -2.042859e+01 -2.841958e+01  7.000000e+00
      vertex -2.493959e+01 -3.127326e+01  7.000000e+00
      vertex -1.557248e+01 -3.134482e+01  7.000000e+00
    endloop
  endfacet
  facet normal  0.000000e+00  0.000000e+00  1.000000e+00
    outer loop
      vertex -1.557248e+01 -3.134482e+01  7.000000e+00
      vertex -2.493959e+01 -3.127326e+01  7.000000e+00
      vertex -2.000000e+01 -3.464102e+01  7.000000e+00
    endloop
  endfacet
  facet normal  0.000000e+00  0.000000e+00  1.000000e+00
    outer loop
      vertex -1.557248e+01 -3.134482e+01  7.000000e+00
      vertex -2.000000e+01 -3.464102e+01  7.000000e+00
      vertex -1.030782e+01 -3.344770e+01  7.000000e+00
    endloop
  endfacet
  facet normal  0.000000e+00  0.000000e+00  9.999999e-01
    outer loop
      vertex -1.030782e+01 -3.344770e+01  7.000000e+00
      vertex -2.000000e+01 -3.464102e+01  7.000000e+00
      vertex -1.461364e+01 -3.723495e+01  7.000000e+00
    endloop
  endfacet
  facet normal  -0.000000e+00  0.000000e+00  1.000000e+00
    outer loop
      vertex -1.030782e+01 -3.344770e+01  7.000000e+00
      vertex -1.461364e+01 -3.723495e+01  7.000000e+00
      vertex -8.900837e+00 -3.899712e+01  7.000000e+00
    endloop
  endfacet
  facet normal  0.000000e+00  0.000000e+00  9.999999e-01
    outer loop
      vertex -9.500000e+00  1.836970e-16  7.000000e+00
      vertex -9.060660e+00  1.060660e+00  7.000000e+00
      vertex -1.219631e+01 -2.500000e+00  7.000000e+00
    endloop
  endfacet
  facet normal  0.000000e+00  0.000000e+00  1.000000e+00
    outer loop
      vertex -1.219631e+01 -2.500000e+00  7.000000e+00
      vertex -9.060660e+00  1.060660e+00  7.000000e+00
      vertex -1.219631e+01  2.500000e+00  7.000000e+00
    endloop
  endfacet
  facet normal  0.000000e+00  0.000000e+00  1.000000e+00
    outer loop
      vertex -1.219631e+01 -2.500000e+00  7.000000e+00
      vertex -1.219631e+01  2.500000e+00  7.000000e+00
      vertex -3.269174e+01 -2.500000e+00  7.000000e+00
    endloop
  endfacet
  facet normal  0.000000e+00  0.000000e+00  1.000000e+00
    outer loop
      vertex -3.269174e+01 -2.500000e+00  7.000000e+00
      vertex -1.219631e+01  2.500000e+00  7.000000e+00
      vertex -3.269174e+01  2.500000e+00  7.000000e+00
    endloop
  endfacet
  facet normal  0.000000e+00  0.000000e+00  1.000000e+00
    outer loop
      vertex -4.772727e+00  3.467306e+01  7.000000e+00
      vertex -8.900837e+00  3.899712e+01  7.000000e+00
      vertex -1.030782e+01  3.344770e+01  7.000000e+00
    endloop
  endfacet
  facet normal  0.000000e+00  -0.000000e+00  1.000000e+00
    outer loop
      vertex -1.030782e+01  3.344770e+01  7.000000e+00
      vertex -8.900837e+00  3.899712e+01  7.000000e+00
      vertex -1.461364e+01  3.723495e+01  7.000000e+00
    endloop
  endfacet
  facet normal  0.000000e+00  0.000000e+00  1.000000e+00
    outer loop
      vertex -1.030782e+01  3.344770e+01  7.000000e+00
      vertex -1.461364e+01  3.723495e+01  7.000000e+00
      vertex -1.557248e+01  3.134482e+01  7.000000e+00
    endloop
  endfacet
  facet normal  0.000000e+00  -0.000000e+00  9.999999e-01
    outer loop
      vertex -1.557248e+01  3.134482e+01  7.000000e+00
      vertex -1.461364e+01  3.723495e+01  7.000000e+00
      vertex -2.000000e+01  3.464102e+01  7.000000e+00
    endloop
  endfacet
  facet normal  0.000000e+00  0.000000e+00  1.000000e+00
    outer loop
      vertex -1.557248e+01  3.134482e+01  7.000000e+00
      vertex -2.000000e+01  3.464102e+01  7.000000e+00
      vertex -2.042859e+01  2.841958e+01  7.000000e+00
    endloop
  endfacet
  facet normal  0.000000e+00  -0.000000e+00  1.000000e+00
    outer loop
      vertex -2.042859e+01  2.841958e+01  7.000000e+00
      vertex -2.000000e+01  3.464102e+01  7.000000e+00
      vertex -2.493959e+01  3.127326e+01  7.000000e+00
    endloop
  endfacet
  facet normal  0.000000e+00  0.000000e+00  1.000000e+00
    outer loop
      vertex -2.042859e+01  2.841958e+01  7.000000e+00
      vertex -2.493959e+01  3.127326e+01  7.000000e+00
      vertex -2.932207e+01  2.720691e+01  7.000000e+00
    endloop
  endfacet
  facet normal  0.000000e+00  -0.000000e+00  1.000000e+00
    outer loop
      vertex  1.030782e+01 -3.344770e+01  7.000000e+00
      vertex  1.461364e+01 -3.723495e+01  7.000000e+00
      vertex  1.557248e+01 -3.134482e+01  7.000000e+00
    endloop
  endfacet
  facet normal  0.000000e+00  0.000000e+00  9.999999e-01
    outer loop
      vertex  1.557248e+01 -3.134482e+01  7.000000e+00
      vertex  1.461364e+01 -3.723495e+01  7.000000e+00
      vertex  2.000000e+01 -3.464102e+01  7.000000e+00
    endloop
  endfacet
  facet normal  0.000000e+00  -0.000000e+00  1.000000e+00
    outer loop
      vertex  1.557248e+01 -3.134482e+01  7.000000e+00
      vertex  2.000000e+01 -3.464102e+01  7.000000e+00
      vertex  2.042859e+01 -2.841958e+01  7.000000e+00
    endloop
  endfacet
  facet normal  0.000000e+00  0.000000e+00  1.000000e+00
    outer loop
      vertex  2.042859e+01 -2.841958e+01  7.000000e+00
      vertex  2.000000e+01 -3.464102e+01  7.000000e+00
      vertex  2.493959e+01 -3.127326e+01  7.000000e+00
    endloop
  endfacet
  facet normal  0.000000e+00  -0.000000e+00  1.000000e+00
    outer loop
      vertex  2.042859e+01 -2.841958e+01  7.000000e+00
      vertex  2.493959e+01 -3.127326e+01  7.000000e+00
      vertex  2.932207e+01 -2.720691e+01  7.000000e+00
    endloop
  endfacet
  facet normal  0.000000e+00  0.000000e+00  1.000000e+00
    outer loop
      vertex  1.219631e+01 -2.500000e+00  7.000000e+00
      vertex  3.269174e+01 -2.500000e+00  7.000000e+00
      vertex  1.219631e+01  2.500000e+00  7.000000e+00
    endloop
  endfacet
  facet normal  -0.000000e+00  0.000000e+00  1.000000e+00
    outer loop
      vertex  1.219631e+01  2.500000e+00  7.000000e+00
      vertex  3.269174e+01 -2.500000e+00  7.000000e+00
      vertex  3.269174e+01  2.500000e+00  7.000000e+00
    endloop
  endfacet
  facet normal  0.000000e+00  0.000000e+00  9.999999e-01
    outer loop
      vertex  2.493959e+01  3.127326e+01  7.000000e+00
      vertex  2.000000e+01  3.464102e+01  7.000000e+00
      vertex  2.932207e+01  2.720691e+01  7.000000e+00
    endloop
  endfacet
  facet normal  0.000000e+00  0.000000e+00  1.000000e+00
    outer loop
      vertex  2.932207e+01  2.720691e+01  7.000000e+00
      vertex  2.000000e+01  3.464102e+01  7.000000e+00
      vertex  2.042859e+01  2.841958e+01  7.000000e+00
    endloop
  endfacet
  facet normal  0.000000e+00  0.000000e+00  1.000000e+00
    outer loop
      vertex  2.932207e+01  2.720691e+01  7.000000e+00
      vertex  2.042859e+01  2.841958e+01  7.000000e+00
      vertex  3.304955e+01  2.253280e+01  7.000000e+00
    endloop
  endfacet
  facet normal  0.000000e+00  0.000000e+00  1.000000e+00
    outer loop
      vertex  3.304955e+01  2.253280e+01  7.000000e+00
      vertex  2.042859e+01  2.841958e+01  7.000000e+00
      vertex  2.474874e+01  2.474874e+01  7.000000e+00
    endloop
  endfacet
  facet normal  0.000000e+00  0.000000e+00  1.000000e+00
    outer loop
      vertex  3.304955e+01  2.253280e+01  7.000000e+00
      vertex  2.474874e+01  2.474874e+01  7.000000e+00
      vertex  2.841958e+01  2.042859e+01  7.000000e+00
    endloop
  endfacet
  facet normal  0.000000e+00  -0.000000e+00  9.999999e-01
    outer loop
      vertex -9.184850e-16 -5.000000e+00  7.000000e+00
      vertex  9.184851e-17 -6.500000e+00  7.000000e+00
      vertex  1.913417e+00 -4.619398e+00  7.000000e+00
    endloop
  endfacet
  facet normal  0.000000e+00  0.000000e+00  1.000000e+00
    outer loop
      vertex  1.913417e+00 -4.619398e+00  7.000000e+00
      vertex  9.184851e-17 -6.500000e+00  7.000000e+00
      vertex  1.060660e+00 -6.939340e+00  7.000000e+00
    endloop
  endfacet
  facet normal  0.000000e+00  0.000000e+00  1.000000e+00
    outer loop
      vertex  1.913417e+00 -4.619398e+00  7.000000e+00
      vertex  1.060660e+00 -6.939340e+00  7.000000e+00
      vertex  3.535534e+00 -3.535534e+00  7.000000e+00
    endloop
  endfacet
  facet normal  0.000000e+00  0.000000e+00  1.000000e+00
    outer loop
      vertex  3.535534e+00 -3.535534e+00  7.000000e+00
      vertex  1.060660e+00 -6.939340e+00  7.000000e+00
      vertex  1.500000e+00 -8.000000e+00  7.000000e+00
    endloop
  endfacet
  facet normal  0.000000e+00  0.000000e+00  1.000000e+00
    outer loop
      vertex  3.535534e+00 -3.535534e+00  7.000000e+00
      vertex  1.500000e+00 -8.000000e+00  7.000000e+00
      vertex  4.619398e+00 -1.913417e+00  7.000000e+00
    endloop
  endfacet
  facet normal  0.000000e+00  0.000000e+00  1.000000e+00
    outer loop
      vertex  8.813705e+00 -6.581686e+00  7.000000e+00
      vertex  1.031996e+01 -3.807692e+00  7.000000e+00
      vertex  6.581686e+00 -8.813705e+00  7.000000e+00
    endloop
  endfacet
  facet normal  0.000000e+00  0.000000e+00  1.000000e+00
    outer loop
      vertex  6.581686e+00 -8.813705e+00  7.000000e+00
      vertex  1.031996e+01 -3.807692e+00  7.000000e+00
      vertex  8.000000e+00 -1.500000e+00  7.000000e+00
    endloop
  endfacet
  facet normal  0.000000e+00  0.000000e+00  1.000000e+00
    outer loop
      vertex  6.581686e+00 -8.813705e+00  7.000000e+00
      vertex  8.000000e+00 -1.500000e+00  7.000000e+00
      vertex  1.500000e+00 -8.000000e+00  7.000000e+00
    endloop
  endfacet
  facet normal  0.000000e+00  0.000000e+00  1.000000e+00
    outer loop
      vertex  1.500000e+00 -8.000000e+00  7.000000e+00
      vertex  8.000000e+00 -1.500000e+00  7.000000e+00
      vertex  4.619398e+00 -1.913417e+00  7.000000e+00
    endloop
  endfacet
  facet normal  0.000000e+00  0.000000e+00  1.000000e+00
    outer loop
      vertex -1.500000e+00 -8.000000e+00  7.000000e+00
      vertex -1.913417e+00 -4.619398e+00  7.000000e+00
      vertex -6.581686e+00 -8.813705e+00  7.000000e+00
    endloop
  endfacet
  facet normal  0.000000e+00  0.000000e+00  1.000000e+00
    outer loop
      vertex -6.581686e+00 -8.813705e+00  7.000000e+00
      vertex -1.913417e+00 -4.619398e+00  7.000000e+00
      vertex -3.535534e+00 -3.535534e+00  7.000000e+00
    endloop
  endfacet
  facet normal  0.000000e+00  0.000000e+00  1.000000e+00
    outer loop
      vertex -6.581686e+00 -8.813705e+00  7.000000e+00
      vertex -3.535534e+00 -3.535534e+00  7.000000e+00
      vertex -8.000000e+00 -1.500000e+00  7.000000e+00
    endloop
  endfacet
  facet normal  0.000000e+00  0.000000e+00  1.000000e+00
    outer loop
      vertex -8.000000e+00 -1.500000e+00  7.000000e+00
      vertex -3.535534e+00 -3.535534e+00  7.000000e+00
      vertex -4.619398e+00 -1.913417e+00  7.000000e+00
    endloop
  endfacet
  facet normal  0.000000e+00  0.000000e+00  1.000000e+00
    outer loop
      vertex -8.000000e+00 -1.500000e+00  7.000000e+00
      vertex -4.619398e+00 -1.913417e+00  7.000000e+00
      vertex -6.939340e+00 -1.060660e+00  7.000000e+00
    endloop
  endfacet
  facet normal  -0.000000e+00  0.000000e+00  1.000000e+00
    outer loop
      vertex -2.042859e+01  2.841958e+01  7.000000e+00
      vertex -2.932207e+01  2.720691e+01  7.000000e+00
      vertex -2.474874e+01  2.474874e+01  7.000000e+00
    endloop
  endfacet
  facet normal  0.000000e+00  0.000000e+00  1.000000e+00
    outer loop
      vertex -2.474874e+01  2.474874e+01  7.000000e+00
      vertex -2.932207e+01  2.720691e+01  7.000000e+00
      vertex -3.304955e+01  2.253280e+01  7.000000e+00
    endloop
  endfacet
  facet normal  -0.000000e+00  0.000000e+00  1.000000e+00
    outer loop
      vertex -2.474874e+01  2.474874e+01  7.000000e+00
      vertex -3.304955e+01  2.253280e+01  7.000000e+00
      vertex -2.841958e+01  2.042859e+01  7.000000e+00
    endloop
  endfacet
  facet normal  0.000000e+00  0.000000e+00  1.000000e+00
    outer loop
      vertex -2.841958e+01  2.042859e+01  7.000000e+00
      vertex -3.304955e+01  2.253280e+01  7.000000e+00
      vertex -3.134482e+01  1.557248e+01  7.000000e+00
    endloop
  endfacet
  facet normal  0.000000e+00  0.000000e+00  1.000000e+00
    outer loop
      vertex -3.134482e+01  1.557248e+01  7.000000e+00
      vertex -3.304955e+01  2.253280e+01  7.000000e+00
      vertex -3.603875e+01  1.735535e+01  7.000000e+00
    endloop
  endfacet
  facet normal  0.000000e+00  0.000000e+00  1.000000e+00
    outer loop
      vertex -3.134482e+01  1.557248e+01  7.000000e+00
      vertex -3.603875e+01  1.735535e+01  7.000000e+00
      vertex -3.344770e+01  1.030782e+01  7.000000e+00
    endloop
  endfacet
  facet normal  0.000000e+00  0.000000e+00  1.000000e+00
    outer loop
      vertex -3.344770e+01  1.030782e+01  7.000000e+00
      vertex -3.603875e+01  1.735535e+01  7.000000e+00
      vertex -3.822291e+01  1.179021e+01  7.000000e+00
    endloop
  endfacet
  facet normal  0.000000e+00  0.000000e+00  1.000000e+00
    outer loop
      vertex -3.344770e+01  1.030782e+01  7.000000e+00
      vertex -3.822291e+01  1.179021e+01  7.000000e+00
      vertex -3.467306e+01  4.772727e+00  7.000000e+00
    endloop
  endfacet
  facet normal  0.000000e+00  0.000000e+00  1.000000e+00
    outer loop
      vertex -3.467306e+01  4.772727e+00  7.000000e+00
      vertex -3.822291e+01  1.179021e+01  7.000000e+00
      vertex -3.955323e+01  5.961690e+00  7.000000e+00
    endloop
  endfacet
  facet normal  0.000000e+00  0.000000e+00  1.000000e+00
    outer loop
      vertex -2.932207e+01 -2.720691e+01  7.000000e+00
      vertex -2.474874e+01 -2.474874e+01  7.000000e+00
      vertex -3.304955e+01 -2.253280e+01  7.000000e+00
    endloop
  endfacet
  facet normal  -0.000000e+00  0.000000e+00  1.000000e+00
    outer loop
      vertex -3.304955e+01 -2.253280e+01  7.000000e+00
      vertex -2.474874e+01 -2.474874e+01  7.000000e+00
      vertex -2.841958e+01 -2.042859e+01  7.000000e+00
    endloop
  endfacet
  facet normal  0.000000e+00  0.000000e+00  1.000000e+00
    outer loop
      vertex -3.304955e+01 -2.253280e+01  7.000000e+00
      vertex -2.841958e+01 -2.042859e+01  7.000000e+00
      vertex -3.603875e+01 -1.735535e+01  7.000000e+00
    endloop
  endfacet
  facet normal  -0.000000e+00  0.000000e+00  1.000000e+00
    outer loop
      vertex -3.603875e+01 -1.735535e+01  7.000000e+00
      vertex -2.841958e+01 -2.042859e+01  7.000000e+00
      vertex -3.134482e+01 -1.557248e+01  7.000000e+00
    endloop
  endfacet
  facet normal  0.000000e+00  0.000000e+00  1.000000e+00
    outer loop
      vertex -3.603875e+01 -1.735535e+01  7.000000e+00
      vertex -3.134482e+01 -1.557248e+01  7.000000e+00
      vertex -3.822291e+01 -1.179021e+01  7.000000e+00
    endloop
  endfacet
  facet normal  -0.000000e+00  0.000000e+00  1.000000e+00
    outer loop
      vertex -3.822291e+01 -1.179021e+01  7.000000e+00
      vertex -3.134482e+01 -1.557248e+01  7.000000e+00
      vertex -3.344770e+01 -1.030782e+01  7.000000e+00
    endloop
  endfacet
  facet normal  0.000000e+00  0.000000e+00  1.000000e+00
    outer loop
      vertex -3.822291e+01 -1.179021e+01  7.000000e+00
      vertex -3.344770e+01 -1.030782e+01  7.000000e+00
      vertex -3.955323e+01 -5.961690e+00  7.000000e+00
    endloop
  endfacet
  facet normal  -0.000000e+00  0.000000e+00  1.000000e+00
    outer loop
      vertex -3.955323e+01 -5.961690e+00  7.000000e+00
      vertex -3.344770e+01 -1.030782e+01  7.000000e+00
      vertex -3.467306e+01 -4.772727e+00  7.000000e+00
    endloop
  endfacet
  facet normal  0.000000e+00  -0.000000e+00  1.000000e+00
    outer loop
      vertex -3.955323e+01 -5.961690e+00  7.000000e+00
      vertex -3.467306e+01 -4.772727e+00  7.000000e+00
      vertex -3.450766e+01 -3.661888e+00  7.000000e+00
    endloop
  endfacet
  facet normal  -0.000000e+00  0.000000e+00  1.000000e+00
    outer loop
      vertex -4.619398e+00  1.913417e+00  7.000000e+00
      vertex -6.939340e+00  1.060660e+00  7.000000e+00
      vertex -5.000000e+00  6.123234e-16  7.000000e+00
    endloop
  endfacet
  facet normal  0.000000e+00  0.000000e+00  1.000000e+00
    outer loop
      vertex -5.000000e+00  6.123234e-16  7.000000e+00
      vertex -6.939340e+00  1.060660e+00  7.000000e+00
      vertex -6.500000e+00  0.000000e+00  7.000000e+00
    endloop
  endfacet
  facet normal  -0.000000e+00  0.000000e+00  9.999999e-01
    outer loop
      vertex -5.000000e+00  6.123234e-16  7.000000e+00
      vertex -6.500000e+00  0.000000e+00  7.000000e+00
      vertex -4.619398e+00 -1.913417e+00  7.000000e+00
    endloop
  endfacet
  facet normal  0.000000e+00  0.000000e+00  1.000000e+00
    outer loop
      vertex -4.619398e+00 -1.913417e+00  7.000000e+00
      vertex -6.500000e+00  0.000000e+00  7.000000e+00
      vertex -6.939340e+00 -1.060660e+00  7.000000e+00
    endloop
  endfacet
  facet normal  0.000000e+00  0.000000e+00  1.000000e+00
    outer loop
      vertex -3.807692e+00 -1.031996e+01  7.000000e+00
      vertex -2.755455e-16 -9.500000e+00  7.000000e+00
      vertex -6.581686e+00 -8.813705e+00  7.000000e+00
    endloop
  endfacet
  facet normal  0.000000e+00  0.000000e+00  1.000000e+00
    outer loop
      vertex -6.581686e+00 -8.813705e+00  7.000000e+00
      vertex -2.755455e-16 -9.500000e+00  7.000000e+00
      vertex -1.060660e+00 -9.060660e+00  7.000000e+00
    endloop
  endfacet
  facet normal  0.000000e+00  0.000000e+00  1.000000e+00
    outer loop
      vertex -6.581686e+00 -8.813705e+00  7.000000e+00
      vertex -1.060660e+00 -9.060660e+00  7.000000e+00
      vertex -1.500000e+00 -8.000000e+00  7.000000e+00
    endloop
  endfacet
  facet normal  0.000000e+00  0.000000e+00  1.000000e+00
    outer loop
      vertex  6.939340e+00  1.060660e+00  7.000000e+00
      vertex  4.619398e+00  1.913417e+00  7.000000e+00
      vertex  6.500000e+00  1.836970e-16  7.000000e+00
    endloop
  endfacet
  facet normal  0.000000e+00  0.000000e+00  9.999999e-01
    outer loop
      vertex  6.500000e+00  1.836970e-16  7.000000e+00
      vertex  4.619398e+00  1.913417e+00  7.000000e+00
      vertex  5.000000e+00  0.000000e+00  7.000000e+00
    endloop
  endfacet
  facet normal  -0.000000e+00  0.000000e+00  1.000000e+00
    outer loop
      vertex  6.500000e+00  1.836970e-16  7.000000e+00
      vertex  5.000000e+00  0.000000e+00  7.000000e+00
      vertex  6.939340e+00 -1.060660e+00  7.000000e+00
    endloop
  endfacet
  facet normal  0.000000e+00  0.000000e+00  1.000000e+00
    outer loop
      vertex  6.939340e+00 -1.060660e+00  7.000000e+00
      vertex  5.000000e+00  0.000000e+00  7.000000e+00
      vertex  4.619398e+00 -1.913417e+00  7.000000e+00
    endloop
  endfacet
  facet normal  0.000000e+00  0.000000e+00  1.000000e+00
    outer loop
      vertex  6.939340e+00 -1.060660e+00  7.000000e+00
      vertex  4.619398e+00 -1.913417e+00  7.000000e+00
      vertex  8.000000e+00 -1.500000e+00  7.000000e+00
    endloop
  endfacet
  facet normal  0.000000e+00  0.000000e+00  1.000000e+00
    outer loop
      vertex -2.755455e-16 -9.500000e+00  7.000000e+00
      vertex  3.807692e+00 -1.031996e+01  7.000000e+00
      vertex  1.060660e+00 -9.060660e+00  7.000000e+00
    endloop
  endfacet
  facet normal  -0.000000e+00  0.000000e+00  9.999999e-01
    outer loop
      vertex  1.060660e+00 -9.060660e+00  7.000000e+00
      vertex  3.807692e+00 -1.031996e+01  7.000000e+00
      vertex  6.581686e+00 -8.813705e+00  7.000000e+00
    endloop
  endfacet
  facet normal  0.000000e+00  0.000000e+00  1.000000e+00
    outer loop
      vertex  1.060660e+00 -9.060660e+00  7.000000e+00
      vertex  6.581686e+00 -8.813705e+00  7.000000e+00
      vertex  1.500000e+00 -8.000000e+00  7.000000e+00
    endloop
  endfacet
  facet normal  -0.000000e+00  0.000000e+00  1.000000e+00
    outer loop
      vertex  3.304955e+01  2.253280e+01  7.000000e+00
      vertex  2.841958e+01  2.042859e+01  7.000000e+00
      vertex  3.603875e+01  1.735535e+01  7.000000e+00
    endloop
  endfacet
  facet normal  0.000000e+00  0.000000e+00  1.000000e+00
    outer loop
      vertex  3.603875e+01  1.735535e+01  7.000000e+00
      vertex  2.841958e+01  2.042859e+01  7.000000e+00
      vertex  3.134482e+01  1.557248e+01  7.000000e+00
    endloop
  endfacet
  facet normal  -0.000000e+00  0.000000e+00  1.000000e+00
    outer loop
      vertex  3.603875e+01  1.735535e+01  7.000000e+00
      vertex  3.134482e+01  1.557248e+01  7.000000e+00
      vertex  3.822291e+01  1.179021e+01  7.000000e+00
    endloop
  endfacet
  facet normal  0.000000e+00  0.000000e+00  1.000000e+00
    outer loop
      vertex  3.822291e+01  1.179021e+01  7.000000e+00
      vertex  3.134482e+01  1.557248e+01  7.000000e+00
      vertex  3.344770e+01  1.030782e+01  7.000000e+00
    endloop
  endfacet
  facet normal  -0.000000e+00  0.000000e+00  1.000000e+00
    outer loop
      vertex  3.822291e+01  1.179021e+01  7.000000e+00
      vertex  3.344770e+01  1.030782e+01  7.000000e+00
      vertex  3.955323e+01  5.961690e+00  7.000000e+00
    endloop
  endfacet
  facet normal  0.000000e+00  0.000000e+00  1.000000e+00
    outer loop
      vertex  3.955323e+01  5.961690e+00  7.000000e+00
      vertex  3.344770e+01  1.030782e+01  7.000000e+00
      vertex  3.467306e+01  4.772727e+00  7.000000e+00
    endloop
  endfacet
  facet normal  0.000000e+00  0.000000e+00  1.000000e+00
    outer loop
      vertex  3.955323e+01 -5.961690e+00  7.000000e+00
      vertex  3.467306e+01 -4.772727e+00  7.000000e+00
      vertex  3.822291e+01 -1.179021e+01  7.000000e+00
    endloop
  endfacet
  facet normal  0.000000e+00  0.000000e+00  1.000000e+00
    outer loop
      vertex  3.822291e+01 -1.179021e+01  7.000000e+00
      vertex  3.467306e+01 -4.772727e+00  7.000000e+00
      vertex  3.344770e+01 -1.030782e+01  7.000000e+00
    endloop
  endfacet
  facet normal  0.000000e+00  0.000000e+00  1.000000e+00
    outer loop
      vertex  3.822291e+01 -1.179021e+01  7.000000e+00
      vertex  3.344770e+01 -1.030782e+01  7.000000e+00
      vertex  3.603875e+01 -1.735535e+01  7.000000e+00
    endloop
  endfacet
  facet normal  0.000000e+00  0.000000e+00  1.000000e+00
    outer loop
      vertex  3.603875e+01 -1.735535e+01  7.000000e+00
      vertex  3.344770e+01 -1.030782e+01  7.000000e+00
      vertex  3.134482e+01 -1.557248e+01  7.000000e+00
    endloop
  endfacet
  facet normal  0.000000e+00  0.000000e+00  1.000000e+00
    outer loop
      vertex  3.603875e+01 -1.735535e+01  7.000000e+00
      vertex  3.134482e+01 -1.557248e+01  7.000000e+00
      vertex  3.304955e+01 -2.253280e+01  7.000000e+00
    endloop
  endfacet
  facet normal  0.000000e+00  0.000000e+00  1.000000e+00
    outer loop
      vertex  3.304955e+01 -2.253280e+01  7.000000e+00
      vertex  3.134482e+01 -1.557248e+01  7.000000e+00
      vertex  2.841958e+01 -2.042859e+01  7.000000e+00
    endloop
  endfacet
  facet normal  0.000000e+00  0.000000e+00  1.000000e+00
    outer loop
      vertex  3.304955e+01 -2.253280e+01  7.000000e+00
      vertex  2.841958e+01 -2.042859e+01  7.000000e+00
      vertex  2.932207e+01 -2.720691e+01  7.000000e+00
    endloop
  endfacet
  facet normal  0.000000e+00  0.000000e+00  1.000000e+00
    outer loop
      vertex  2.932207e+01 -2.720691e+01  7.000000e+00
      vertex  2.841958e+01 -2.042859e+01  7.000000e+00
      vertex  2.474874e+01 -2.474874e+01  7.000000e+00
    endloop
  endfacet
  facet normal  0.000000e+00  0.000000e+00  9.999999e-01
    outer loop
      vertex  2.932207e+01 -2.720691e+01  7.000000e+00
      vertex  2.474874e+01 -2.474874e+01  7.000000e+00
      vertex  2.042859e+01 -2.841958e+01  7.000000e+00
    endloop
  endfacet
  facet normal  -0.000000e+00  0.000000e+00 -1.000000e+00
    outer loop
      vertex  1.060660e+00  9.060660e+00  2.000000e+00
      vertex  6.581686e+00  8.813705e+00  2.000000e+00
      vertex  1.500000e+00  8.000000e+00  2.000000e+00
    endloop
  endfacet
  facet normal  0.000000e+00  0.000000e+00 -1.000000e+00
    outer loop
      vertex  6.581686e+00  8.813705e+00  2.000000e+00
      vertex  1.060660e+00  6.939340e+00  2.000000e+00
      vertex  1.500000e+00  8.000000e+00  2.000000e+00
    endloop
  endfacet
  facet normal  -0.000000e+00  0.000000e+00 -1.000000e+00
    outer loop
      vertex  2.989204e+00  3.988815e+01  2.000000e+00
      vertex  2.815330e+00  3.376965e+01  2.000000e+00
      vertex  2.500000e+00  3.269174e+01  2.000000e+00
    endloop
  endfacet
  facet normal  -0.000000e+00  0.000000e+00 -1.000000e+00
    outer loop
      vertex -9.500000e+00  1.836970e-16  2.000000e+00
      vertex -9.060660e+00 -1.060660e+00  2.000000e+00
      vertex -1.219631e+01 -2.500000e+00  2.000000e+00
    endloop
  endfacet
  facet normal  0.000000e+00  0.000000e+00 -1.000000e+00
    outer loop
      vertex -2.859175e+00 -1.105277e+01  2.000000e+00
      vertex -2.755455e-16 -9.500000e+00  2.000000e+00
      vertex -2.500000e+00 -1.219631e+01  2.000000e+00
    endloop
  endfacet
  facet normal  0.000000e+00  0.000000e+00 -1.000000e+00
    outer loop
      vertex -2.755455e-16 -9.500000e+00  2.000000e+00
      vertex -2.500000e+00 -3.269174e+01  2.000000e+00
      vertex -2.500000e+00 -1.219631e+01  2.000000e+00
    endloop
  endfacet
  facet normal  0.000000e+00  -0.000000e+00 -1.000000e+00
    outer loop
      vertex  1.557248e+01  3.134482e+01  2.000000e+00
      vertex  2.000000e+01  3.464102e+01  2.000000e+00
      vertex  2.042859e+01  2.841958e+01  2.000000e+00
    endloop
  endfacet
  facet normal  0.000000e+00  0.000000e+00 -9.999999e-01
    outer loop
      vertex  1.557248e+01  3.134482e+01  2.000000e+00
      vertex  1.461364e+01  3.723495e+01  2.000000e+00
      vertex  2.000000e+01  3.464102e+01  2.000000e+00
    endloop
  endfacet
  facet normal  0.000000e+00  -0.000000e+00 -1.000000e+00
    outer loop
      vertex  1.030782e+01  3.344770e+01  2.000000e+00
      vertex  1.461364e+01  3.723495e+01  2.000000e+00
      vertex  1.557248e+01  3.134482e+01  2.000000e+00
    endloop
  endfacet
  facet normal  0.000000e+00  -0.000000e+00 -1.000000e+00
    outer loop
      vertex  2.815330e+00  3.376965e+01  2.000000e+00
      vertex  2.989204e+00  3.988815e+01  2.000000e+00
      vertex  3.661888e+00  3.450766e+01  2.000000e+00
    endloop
  endfacet
  facet normal  0.000000e+00  0.000000e+00 -1.000000e+00
    outer loop
      vertex -6.581686e+00  8.813705e+00  2.000000e+00
      vertex -1.060660e+00  9.060660e+00  2.000000e+00
      vertex -1.500000e+00  8.000000e+00  2.000000e+00
    endloop
  endfacet
  facet normal  0.000000e+00  0.000000e+00 -1.000000e+00
    outer loop
      vertex -3.955323e+01 -5.961690e+00  2.000000e+00
      vertex -3.376965e+01 -2.815330e+00  2.000000e+00
      vertex -3.450766e+01 -3.661888e+00  2.000000e+00
    endloop
  endfacet
  facet normal  -0.000000e+00  0.000000e+00 -9.999999e-01
    outer loop
      vertex -2.755455e-16  6.500000e+00  2.000000e+00
      vertex  3.061617e-16  5.000000e+00  2.000000e+00
      vertex -1.913417e+00  4.619398e+00  2.000000e+00
    endloop
  endfacet
  facet normal  0.000000e+00  0.000000e+00 -9.999999e-01
    outer loop
      vertex -2.755455e-16 -9.500000e+00  2.000000e+00
      vertex -2.859175e+00 -1.105277e+01  2.000000e+00
      vertex -3.807692e+00 -1.031996e+01  2.000000e+00
    endloop
  endfacet
  facet normal  0.000000e+00  0.000000e+00 -9.999999e-01
    outer loop
      vertex  3.061617e-16  5.000000e+00  2.000000e+00
      vertex -2.755455e-16  6.500000e+00  2.000000e+00
      vertex  1.913417e+00  4.619398e+00  2.000000e+00
    endloop
  endfacet
  facet normal  0.000000e+00  0.000000e+00 -1.000000e+00
    outer loop
      vertex  2.859175e+00 -1.105277e+01  2.000000e+00
      vertex -2.755455e-16 -9.500000e+00  2.000000e+00
      vertex  3.807692e+00 -1.031996e+01  2.000000e+00
    endloop
  endfacet
  facet normal  -0.000000e+00  0.000000e+00 -1.000000e+00
    outer loop
      vertex -2.755455e-16 -9.500000e+00  2.000000e+00
      vertex  2.859175e+00 -1.105277e+01  2.000000e+00
      vertex  2.500000e+00 -1.219631e+01  2.000000e+00
    endloop
  endfacet
  facet normal  0.000000e+00  0.000000e+00 -1.000000e+00
    outer loop
      vertex  3.450766e+01 -3.661888e+00  2.000000e+00
      vertex  3.376965e+01 -2.815330e+00  2.000000e+00
      vertex  3.955323e+01 -5.961690e+00  2.000000e+00
    endloop
  endfacet
  facet normal  0.000000e+00  0.000000e+00 -1.000000e+00
    outer loop
      vertex  3.450766e+01 -3.661888e+00  2.000000e+00
      vertex  3.955323e+01 -5.961690e+00  2.000000e+00
      vertex  3.467306e+01 -4.772727e+00  2.000000e+00
    endloop
  endfacet
  facet normal  0.000000e+00  -0.000000e+00 -1.000000e+00
    outer loop
      vertex  4.772727e+00 -3.467306e+01  2.000000e+00
      vertex  1.030782e+01 -3.344770e+01  2.000000e+00
      vertex  1.461364e+01 -3.723495e+01  2.000000e+00
    endloop
  endfacet
  facet normal  -0.000000e+00  0.000000e+00 -9.999999e-01
    outer loop
      vertex  4.772727e+00 -3.467306e+01  2.000000e+00
      vertex  1.461364e+01 -3.723495e+01  2.000000e+00
      vertex  8.900837e+00 -3.899712e+01  2.000000e+00
    endloop
  endfacet
  facet normal  -0.000000e+00  0.000000e+00 -1.000000e+00
    outer loop
      vertex  4.772727e+00 -3.467306e+01  2.000000e+00
      vertex  8.900837e+00 -3.899712e+01  2.000000e+00
      vertex  2.989204e+00 -3.988815e+01  2.000000e+00
    endloop
  endfacet
  facet normal  0.000000e+00  0.000000e+00 -1.000000e+00
    outer loop
      vertex  4.772727e+00 -3.467306e+01  2.000000e+00
      vertex  2.989204e+00 -3.988815e+01  2.000000e+00
      vertex  3.661888e+00 -3.450766e+01  2.000000e+00
    endloop
  endfacet
  facet normal  0.000000e+00  0.000000e+00 -9.999999e-01
    outer loop
      vertex  4.772727e+00  3.467306e+01  2.000000e+00
      vertex  3.661888e+00  3.450766e+01  2.000000e+00
      vertex  2.989204e+00  3.988815e+01  2.000000e+00
    endloop
  endfacet
  facet normal  0.000000e+00  0.000000e+00 -1.000000e+00
    outer loop
      vertex  4.772727e+00  3.467306e+01  2.000000e+00
      vertex  2.989204e+00  3.988815e+01  2.000000e+00
      vertex  8.900837e+00  3.899712e+01  2.000000e+00
    endloop
  endfacet
  facet normal  0.000000e+00  -0.000000e+00 -9.999999e-01
    outer loop
      vertex  4.772727e+00  3.467306e+01  2.000000e+00
      vertex  8.900837e+00  3.899712e+01  2.000000e+00
      vertex  1.461364e+01  3.723495e+01  2.000000e+00
    endloop
  endfacet
  facet normal  0.000000e+00  0.000000e+00 -1.000000e+00
    outer loop
      vertex  4.772727e+00  3.467306e+01  2.000000e+00
      vertex  1.461364e+01  3.723495e+01  2.000000e+00
      vertex  1.030782e+01  3.344770e+01  2.000000e+00
    endloop
  endfacet
  facet normal  0.000000e+00  0.000000e+00 -1.000000e+00
    outer loop
      vertex  9.500000e+00  0.000000e+00  2.000000e+00
      vertex  9.060660e+00  1.060660e+00  2.000000e+00
      vertex  1.219631e+01  2.500000e+00  2.000000e+00
    endloop
  endfacet
  facet normal  0.000000e+00  -0.000000e+00 -9.999999e-01
    outer loop
      vertex  9.500000e+00  0.000000e+00  2.000000e+00
      vertex  1.219631e+01  2.500000e+00  2.000000e+00
      vertex  1.219631e+01 -2.500000e+00  2.000000e+00
    endloop
  endfacet
  facet normal  0.000000e+00  0.000000e+00 -1.000000e+00
    outer loop
      vertex  9.500000e+00  0.000000e+00  2.000000e+00
      vertex  1.219631e+01 -2.500000e+00  2.000000e+00
      vertex  9.060660e+00 -1.060660e+00  2.000000e+00
    endloop
  endfacet
  facet normal  0.000000e+00  0.000000e+00 -1.000000e+00
    outer loop
      vertex -2.989204e+00 -3.988815e+01  2.000000e+00
      vertex -8.900837e+00 -3.899712e+01  2.000000e+00
      vertex -1.030782e+01 -3.344770e+01  2.000000e+00
    endloop
  endfacet
  facet normal  0.000000e+00  0.000000e+00 -1.000000e+00
    outer loop
      vertex -2.989204e+00 -3.988815e+01  2.000000e+00
      vertex -1.030782e+01 -3.344770e+01  2.000000e+00
      vertex -4.772727e+00 -3.467306e+01  2.000000e+00
    endloop
  endfacet
  facet normal  0.000000e+00  0.000000e+00 -9.999999e-01
    outer loop
      vertex -2.989204e+00 -3.988815e+01  2.000000e+00
      vertex -4.772727e+00 -3.467306e+01  2.000000e+00
      vertex -3.661888e+00 -3.450766e+01  2.000000e+00
    endloop
  endfacet
  facet normal  0.000000e+00  0.000000e+00 -1.000000e+00
    outer loop
      vertex -2.989204e+00 -3.988815e+01  2.000000e+00
      vertex -3.661888e+00 -3.450766e+01  2.000000e+00
      vertex -2.815330e+00 -3.376965e+01  2.000000e+00
    endloop
  endfacet
  facet normal  0.000000e+00  -0.000000e+00 -1.000000e+00
    outer loop
      vertex -2.989204e+00 -3.988815e+01  2.000000e+00
      vertex -2.815330e+00 -3.376965e+01  2.000000e+00
      vertex -2.500000e+00 -3.269174e+01  2.000000e+00
    endloop
  endfacet
  facet normal  0.000000e+00  -0.000000e+00 -1.000000e+00
    outer loop
      vertex -2.989204e+00 -3.988815e+01  2.000000e+00
      vertex -2.500000e+00 -3.269174e+01  2.000000e+00
      vertex -2.755455e-16 -9.500000e+00  2.000000e+00
    endloop
  endfacet
  facet normal  0.000000e+00  -0.000000e+00 -1.000000e+00
    outer loop
      vertex -2.989204e+00 -3.988815e+01  2.000000e+00
      vertex -2.755455e-16 -9.500000e+00  2.000000e+00
      vertex  2.500000e+00 -1.219631e+01  2.000000e+00
    endloop
  endfacet
  facet normal  0.000000e+00  -0.000000e+00 -1.000000e+00
    outer loop
      vertex -2.989204e+00 -3.988815e+01  2.000000e+00
      vertex  2.500000e+00 -1.219631e+01  2.000000e+00
      vertex  2.500000e+00 -3.269174e+01  2.000000e+00
    endloop
  endfacet
  facet normal  0.000000e+00  -0.000000e+00 -9.999999e-01
    outer loop
      vertex -2.989204e+00 -3.988815e+01  2.000000e+00
      vertex  2.500000e+00 -3.269174e+01  2.000000e+00
      vertex  2.815330e+00 -3.376965e+01  2.000000e+00
    endloop
  endfacet
  facet normal  0.000000e+00  -0.000000e+00 -1.000000e+00
    outer loop
      vertex -2.989204e+00 -3.988815e+01  2.000000e+00
      vertex  2.815330e+00 -3.376965e+01  2.000000e+00
      vertex  3.661888e+00 -3.450766e+01  2.000000e+00
    endloop
  endfacet
  facet normal  0.000000e+00  0.000000e+00 -1.000000e+00
    outer loop
      vertex -2.989204e+00 -3.988815e+01  2.000000e+00
      vertex  3.661888e+00 -3.450766e+01  2.000000e+00
      vertex  2.989204e+00 -3.988815e+01  2.000000e+00
    endloop
  endfacet
  facet normal  -0.000000e+00  0.000000e+00 -9.999999e-01
    outer loop
      vertex -2.989204e+00  3.988815e+01  2.000000e+00
      vertex  2.989204e+00  3.988815e+01  2.000000e+00
      vertex  9.184851e-17  9.500000e+00  2.000000e+00
    endloop
  endfacet
  facet normal  0.000000e+00  0.000000e+00 -1.000000e+00
    outer loop
      vertex -2.989204e+00  3.988815e+01  2.000000e+00
      vertex  9.184851e-17  9.500000e+00  2.000000e+00
      vertex -2.500000e+00  3.269174e+01  2.000000e+00
    endloop
  endfacet
  facet normal  0.000000e+00  0.000000e+00 -1.000000e+00
    outer loop
      vertex -2.989204e+00  3.988815e+01  2.000000e+00
      vertex -2.500000e+00  3.269174e+01  2.000000e+00
      vertex -2.815330e+00  3.376965e+01  2.000000e+00
    endloop
  endfacet
  facet normal  0.000000e+00  0.000000e+00 -1.000000e+00
    outer loop
      vertex -2.989204e+00  3.988815e+01  2.000000e+00
      vertex -2.815330e+00  3.376965e+01  2.000000e+00
      vertex -3.661888e+00  3.450766e+01  2.000000e+00
    endloop
  endfacet
  facet normal  0.000000e+00  0.000000e+00 -9.999999e-01
    outer loop
      vertex -2.989204e+00  3.988815e+01  2.000000e+00
      vertex -3.661888e+00  3.450766e+01  2.000000e+00
      vertex -4.772727e+00  3.467306e+01  2.000000e+00
    endloop
  endfacet
  facet normal  0.000000e+00  0.000000e+00 -1.000000e+00
    outer loop
      vertex -2.989204e+00  3.988815e+01  2.000000e+00
      vertex -4.772727e+00  3.467306e+01  2.000000e+00
      vertex -8.900837e+00  3.899712e+01  2.000000e+00
    endloop
  endfacet
  facet normal  -0.000000e+00  -0.000000e+00 -9.999999e-01
    outer loop
      vertex -1.913417e+00 -4.619398e+00  2.000000e+00
      vertex -9.184850e-16 -5.000000e+00  2.000000e+00
      vertex  9.184851e-17 -6.500000e+00  2.000000e+00
    endloop
  endfacet
  facet normal  -0.000000e+00  0.000000e+00 -1.000000e+00
    outer loop
      vertex -1.913417e+00 -4.619398e+00  2.000000e+00
      vertex  9.184851e-17 -6.500000e+00  2.000000e+00
      vertex -1.060660e+00 -6.939340e+00  2.000000e+00
    endloop
  endfacet
  facet normal  -0.000000e+00  0.000000e+00 -9.999999e-01
    outer loop
      vertex -1.913417e+00 -4.619398e+00  2.000000e+00
      vertex -1.060660e+00 -6.939340e+00  2.000000e+00
      vertex -1.500000e+00 -8.000000e+00  2.000000e+00
    endloop
  endfacet
  facet normal  0.000000e+00  -0.000000e+00 -1.000000e+00
    outer loop
      vertex -4.000000e+01  4.898587e-15  2.000000e+00
      vertex -3.955323e+01  5.961690e+00  2.000000e+00
      vertex -3.467306e+01  4.772727e+00  2.000000e+00
    endloop
  endfacet
  facet normal  0.000000e+00  -0.000000e+00 -1.000000e+00
    outer loop
      vertex -4.000000e+01  4.898587e-15  2.000000e+00
      vertex -3.467306e+01  4.772727e+00  2.000000e+00
      vertex -3.450766e+01  3.661888e+00  2.000000e+00
    endloop
  endfacet
  facet normal  0.000000e+00  -0.000000e+00 -9.999999e-01
    outer loop
      vertex -4.000000e+01  4.898587e-15  2.000000e+00
      vertex -3.450766e+01  3.661888e+00  2.000000e+00
      vertex -3.376965e+01  2.815330e+00  2.000000e+00
    endloop
  endfacet
  facet normal  0.000000e+00  -0.000000e+00 -1.000000e+00
    outer loop
      vertex -4.000000e+01  4.898587e-15  2.000000e+00
      vertex -3.376965e+01  2.815330e+00  2.000000e+00
      vertex -3.269174e+01  2.500000e+00  2.000000e+00
    endloop
  endfacet
  facet normal  0.000000e+00  -0.000000e+00 -1.000000e+00
    outer loop
      vertex -4.000000e+01  4.898587e-15  2.000000e+00
      vertex -3.269174e+01  2.500000e+00  2.000000e+00
      vertex -3.269174e+01 -2.500000e+00  2.000000e+00
    endloop
  endfacet
  facet normal  -0.000000e+00  0.000000e+00 -1.000000e+00
    outer loop
      vertex -4.000000e+01  4.898587e-15  2.000000e+00
      vertex -3.269174e+01 -2.500000e+00  2.000000e+00
      vertex -3.376965e+01 -2.815330e+00  2.000000e+00
    endloop
  endfacet
  facet normal  -0.000000e+00  0.000000e+00 -1.000000e+00
    outer loop
      vertex -4.000000e+01  4.898587e-15  2.000000e+00
      vertex -3.376965e+01 -2.815330e+00  2.000000e+00
      vertex -3.955323e+01 -5.961690e+00  2.000000e+00
    endloop
  endfacet
  facet normal  0.000000e+00  0.000000e+00 -1.000000e+00
    outer loop
      vertex -8.000000e+00 -1.500000e+00  2.000000e+00
      vertex -6.581686e+00 -8.813705e+00  2.000000e+00
      vertex -8.813705e+00 -6.581686e+00  2.000000e+00
    endloop
  endfacet
  facet normal  0.000000e+00  0.000000e+00 -1.000000e+00
    outer loop
      vertex -8.000000e+00 -1.500000e+00  2.000000e+00
      vertex -8.813705e+00 -6.581686e+00  2.000000e+00
      vertex -1.031996e+01 -3.807692e+00  2.000000e+00
    endloop
  endfacet
  facet normal  0.000000e+00  0.000000e+00 -1.000000e+00
    outer loop
      vertex -8.000000e+00 -1.500000e+00  2.000000e+00
      vertex -1.031996e+01 -3.807692e+00  2.000000e+00
      vertex -1.105277e+01 -2.859175e+00  2.000000e+00
    endloop
  endfacet
  facet normal  0.000000e+00  0.000000e+00 -1.000000e+00
    outer loop
      vertex -8.000000e+00 -1.500000e+00  2.000000e+00
      vertex -1.105277e+01 -2.859175e+00  2.000000e+00
      vertex -1.219631e+01 -2.500000e+00  2.000000e+00
    endloop
  endfacet
  facet normal  0.000000e+00  0.000000e+00 -1.000000e+00
    outer loop
      vertex -8.000000e+00 -1.500000e+00  2.000000e+00
      vertex -1.219631e+01 -2.500000e+00  2.000000e+00
      vertex -9.060660e+00 -1.060660e+00  2.000000e+00
    endloop
  endfacet
  facet normal  0.000000e+00  0.000000e+00 -1.000000e+00
    outer loop
      vertex -8.000000e+00  1.500000e+00  2.000000e+00
      vertex -9.060660e+00  1.060660e+00  2.000000e+00
      vertex -1.219631e+01  2.500000e+00  2.000000e+00
    endloop
  endfacet
  facet normal  0.000000e+00  0.000000e+00 -1.000000e+00
    outer loop
      vertex -8.000000e+00  1.500000e+00  2.000000e+00
      vertex -1.219631e+01  2.500000e+00  2.000000e+00
      vertex -1.105277e+01  2.859175e+00  2.000000e+00
    endloop
  endfacet
  facet normal  0.000000e+00  0.000000e+00 -1.000000e+00
    outer loop
      vertex -8.000000e+00  1.500000e+00  2.000000e+00
      vertex -1.105277e+01  2.859175e+00  2.000000e+00
      vertex -1.031996e+01  3.807692e+00  2.000000e+00
    endloop
  endfacet
  facet normal  0.000000e+00  0.000000e+00 -1.000000e+00
    outer loop
      vertex -8.000000e+00  1.500000e+00  2.000000e+00
      vertex -1.031996e+01  3.807692e+00  2.000000e+00
      vertex -8.813705e+00  6.581686e+00  2.000000e+00
    endloop
  endfacet
  facet normal  0.000000e+00  0.000000e+00 -1.000000e+00
    outer loop
      vertex -8.000000e+00  1.500000e+00  2.000000e+00
      vertex -8.813705e+00  6.581686e+00  2.000000e+00
      vertex -6.581686e+00  8.813705e+00  2.000000e+00
    endloop
  endfacet
  facet normal  0.000000e+00  -0.000000e+00 -1.000000e+00
    outer loop
      vertex -8.000000e+00  1.500000e+00  2.000000e+00
      vertex -6.581686e+00  8.813705e+00  2.000000e+00
      vertex -1.500000e+00  8.000000e+00  2.000000e+00
    endloop
  endfacet
  facet normal  0.000000e+00  -0.000000e+00 -1.000000e+00
    outer loop
      vertex -8.000000e+00  1.500000e+00  2.000000e+00
      vertex -1.500000e+00  8.000000e+00  2.000000e+00
      vertex -1.060660e+00  6.939340e+00  2.000000e+00
    endloop
  endfacet
  facet normal  0.000000e+00  -0.000000e+00 -1.000000e+00
    outer loop
      vertex -8.000000e+00  1.500000e+00  2.000000e+00
      vertex -1.060660e+00  6.939340e+00  2.000000e+00
      vertex -2.755455e-16  6.500000e+00  2.000000e+00
    endloop
  endfacet
  facet normal  0.000000e+00  0.000000e+00 -1.000000e+00
    outer loop
      vertex -8.000000e+00  1.500000e+00  2.000000e+00
      vertex -2.755455e-16  6.500000e+00  2.000000e+00
      vertex -1.913417e+00  4.619398e+00  2.000000e+00
    endloop
  endfacet
  facet normal  0.000000e+00  0.000000e+00 -1.000000e+00
    outer loop
      vertex -8.000000e+00  1.500000e+00  2.000000e+00
      vertex -1.913417e+00  4.619398e+00  2.000000e+00
      vertex -3.535534e+00  3.535534e+00  2.000000e+00
    endloop
  endfacet
  facet normal  0.000000e+00  0.000000e+00 -1.000000e+00
    outer loop
      vertex -8.000000e+00  1.500000e+00  2.000000e+00
      vertex -3.535534e+00  3.535534e+00  2.000000e+00
      vertex -4.619398e+00  1.913417e+00  2.000000e+00
    endloop
  endfacet
  facet normal  0.000000e+00  0.000000e+00 -1.000000e+00
    outer loop
      vertex -8.000000e+00  1.500000e+00  2.000000e+00
      vertex -4.619398e+00  1.913417e+00  2.000000e+00
      vertex -6.939340e+00  1.060660e+00  2.000000e+00
    endloop
  endfacet
  facet normal  -0.000000e+00  0.000000e+00 -1.000000e+00
    outer loop
      vertex  9.184851e-17  9.500000e+00  2.000000e+00
      vertex -1.060660e+00  9.060660e+00  2.000000e+00
      vertex -6.581686e+00  8.813705e+00  2.000000e+00
    endloop
  endfacet
  facet normal  0.000000e+00  0.000000e+00 -1.000000e+00
    outer loop
      vertex  9.184851e-17  9.500000e+00  2.000000e+00
      vertex -6.581686e+00  8.813705e+00  2.000000e+00
      vertex -3.807692e+00  1.031996e+01  2.000000e+00
    endloop
  endfacet
  facet normal  0.000000e+00  0.000000e+00 -9.999999e-01
    outer loop
      vertex  9.184851e-17  9.500000e+00  2.000000e+00
      vertex -3.807692e+00  1.031996e+01  2.000000e+00
      vertex -2.859175e+00  1.105277e+01  2.000000e+00
    endloop
  endfacet
  facet normal  0.000000e+00  0.000000e+00 -1.000000e+00
    outer loop
      vertex  9.184851e-17  9.500000e+00  2.000000e+00
      vertex -2.859175e+00  1.105277e+01  2.000000e+00
      vertex -2.500000e+00  1.219631e+01  2.000000e+00
    endloop
  endfacet
  facet normal  0.000000e+00  0.000000e+00 -1.000000e+00
    outer loop
      vertex  9.184851e-17  9.500000e+00  2.000000e+00
      vertex -2.500000e+00  1.219631e+01  2.000000e+00
      vertex -2.500000e+00  3.269174e+01  2.000000e+00
    endloop
  endfacet
  facet normal  0.000000e+00  -0.000000e+00 -1.000000e+00
    outer loop
      vertex  8.000000e+00 -1.500000e+00  2.000000e+00
      vertex  9.060660e+00 -1.060660e+00  2.000000e+00
      vertex  1.219631e+01 -2.500000e+00  2.000000e+00
    endloop
  endfacet
  facet normal  -0.000000e+00  0.000000e+00 -1.000000e+00
    outer loop
      vertex  8.000000e+00 -1.500000e+00  2.000000e+00
      vertex  1.219631e+01 -2.500000e+00  2.000000e+00
      vertex  1.105277e+01 -2.859175e+00  2.000000e+00
    endloop
  endfacet
  facet normal  -0.000000e+00  0.000000e+00 -1.000000e+00
    outer loop
      vertex  8.000000e+00 -1.500000e+00  2.000000e+00
      vertex  1.105277e+01 -2.859175e+00  2.000000e+00
      vertex  1.031996e+01 -3.807692e+00  2.000000e+00
    endloop
  endfacet
  facet normal  0.000000e+00  0.000000e+00 -9.999999e-01
    outer loop
      vertex  8.000000e+00  1.500000e+00  2.000000e+00
      vertex  6.939340e+00  1.060660e+00  2.000000e+00
      vertex  4.619398e+00  1.913417e+00  2.000000e+00
    endloop
  endfacet
  facet normal  0.000000e+00  0.000000e+00 -1.000000e+00
    outer loop
      vertex  8.000000e+00  1.500000e+00  2.000000e+00
      vertex  4.619398e+00  1.913417e+00  2.000000e+00
      vertex  3.535534e+00  3.535534e+00  2.000000e+00
    endloop
  endfacet
  facet normal  0.000000e+00  0.000000e+00 -1.000000e+00
    outer loop
      vertex  8.000000e+00  1.500000e+00  2.000000e+00
      vertex  3.535534e+00  3.535534e+00  2.000000e+00
      vertex  1.913417e+00  4.619398e+00  2.000000e+00
    endloop
  endfacet
  facet normal  0.000000e+00  0.000000e+00 -1.000000e+00
    outer loop
      vertex  8.000000e+00  1.500000e+00  2.000000e+00
      vertex  1.913417e+00  4.619398e+00  2.000000e+00
      vertex -2.755455e-16  6.500000e+00  2.000000e+00
    endloop
  endfacet
  facet normal  0.000000e+00  0.000000e+00 -1.000000e+00
    outer loop
      vertex  8.000000e+00  1.500000e+00  2.000000e+00
      vertex -2.755455e-16  6.500000e+00  2.000000e+00
      vertex  1.060660e+00  6.939340e+00  2.000000e+00
    endloop
  endfacet
  facet normal  0.000000e+00  0.000000e+00 -1.000000e+00
    outer loop
      vertex  8.000000e+00  1.500000e+00  2.000000e+00
      vertex  1.060660e+00  6.939340e+00  2.000000e+00
      vertex  6.581686e+00  8.813705e+00  2.000000e+00
    endloop
  endfacet
  facet normal  0.000000e+00  0.000000e+00 -1.000000e+00
    outer loop
      vertex  8.000000e+00  1.500000e+00  2.000000e+00
      vertex  6.581686e+00  8.813705e+00  2.000000e+00
      vertex  8.813705e+00  6.581686e+00  2.000000e+00
    endloop
  endfacet
  facet normal  0.000000e+00  -0.000000e+00 -1.000000e+00
    outer loop
      vertex  8.000000e+00  1.500000e+00  2.000000e+00
      vertex  8.813705e+00  6.581686e+00  2.000000e+00
      vertex  1.031996e+01  3.807692e+00  2.000000e+00
    endloop
  endfacet
  facet normal  0.000000e+00  -0.000000e+00 -1.000000e+00
    outer loop
      vertex  8.000000e+00  1.500000e+00  2.000000e+00
      vertex  1.031996e+01  3.807692e+00  2.000000e+00
      vertex  1.105277e+01  2.859175e+00  2.000000e+00
    endloop
  endfacet
  facet normal  0.000000e+00  -0.000000e+00 -1.000000e+00
    outer loop
      vertex  8.000000e+00  1.500000e+00  2.000000e+00
      vertex  1.105277e+01  2.859175e+00  2.000000e+00
      vertex  1.219631e+01  2.500000e+00  2.000000e+00
    endloop
  endfacet
  facet normal  0.000000e+00  0.000000e+00 -1.000000e+00
    outer loop
      vertex  8.000000e+00  1.500000e+00  2.000000e+00
      vertex  1.219631e+01  2.500000e+00  2.000000e+00
      vertex  9.060660e+00  1.060660e+00  2.000000e+00
    endloop
  endfacet
  facet normal  0.000000e+00  0.000000e+00 -1.000000e+00
    outer loop
      vertex  9.184851e-17  9.500000e+00  2.000000e+00
      vertex  2.989204e+00  3.988815e+01  2.000000e+00
      vertex  2.500000e+00  3.269174e+01  2.000000e+00
    endloop
  endfacet
  facet normal  0.000000e+00  -0.000000e+00 -1.000000e+00
    outer loop
      vertex  9.184851e-17  9.500000e+00  2.000000e+00
      vertex  2.500000e+00  3.269174e+01  2.000000e+00
      vertex  2.500000e+00  1.219631e+01  2.000000e+00
    endloop
  endfacet
  facet normal  0.000000e+00  -0.000000e+00 -1.000000e+00
    outer loop
      vertex  9.184851e-17  9.500000e+00  2.000000e+00
      vertex  2.500000e+00  1.219631e+01  2.000000e+00
      vertex  2.859175e+00  1.105277e+01  2.000000e+00
    endloop
  endfacet
  facet normal  0.000000e+00  -0.000000e+00 -9.999999e-01
    outer loop
      vertex  9.184851e-17  9.500000e+00  2.000000e+00
      vertex  2.859175e+00  1.105277e+01  2.000000e+00
      vertex  3.807692e+00  1.031996e+01  2.000000e+00
    endloop
  endfacet
  facet normal  0.000000e+00  -0.000000e+00 -1.000000e+00
    outer loop
      vertex  9.184851e-17  9.500000e+00  2.000000e+00
      vertex  3.807692e+00  1.031996e+01  2.000000e+00
      vertex  6.581686e+00  8.813705e+00  2.000000e+00
    endloop
  endfacet
  facet normal  0.000000e+00  0.000000e+00 -1.000000e+00
    outer loop
      vertex  9.184851e-17  9.500000e+00  2.000000e+00
      vertex  6.581686e+00  8.813705e+00  2.000000e+00
      vertex  1.060660e+00  9.060660e+00  2.000000e+00
    endloop
  endfacet
  facet normal  0.000000e+00  0.000000e+00 -1.000000e+00
    outer loop
      vertex  4.000000e+01  0.000000e+00  2.000000e+00
      vertex  3.955323e+01 -5.961690e+00  2.000000e+00
      vertex  3.376965e+01 -2.815330e+00  2.000000e+00
    endloop
  endfacet
  facet normal  0.000000e+00  0.000000e+00 -1.000000e+00
    outer loop
      vertex  4.000000e+01  0.000000e+00  2.000000e+00
      vertex  3.376965e+01 -2.815330e+00  2.000000e+00
      vertex  3.269174e+01 -2.500000e+00  2.000000e+00
    endloop
  endfacet
  facet normal  0.000000e+00  0.000000e+00 -1.000000e+00
    outer loop
      vertex  4.000000e+01  0.000000e+00  2.000000e+00
      vertex  3.269174e+01 -2.500000e+00  2.000000e+00
      vertex  3.269174e+01  2.500000e+00  2.000000e+00
    endloop
  endfacet
  facet normal  0.000000e+00  0.000000e+00 -1.000000e+00
    outer loop
      vertex  4.000000e+01  0.000000e+00  2.000000e+00
      vertex  3.269174e+01  2.500000e+00  2.000000e+00
      vertex  3.376965e+01  2.815330e+00  2.000000e+00
    endloop
  endfacet
  facet normal  0.000000e+00  0.000000e+00 -1.000000e+00
    outer loop
      vertex  4.000000e+01  0.000000e+00  2.000000e+00
      vertex  3.376965e+01  2.815330e+00  2.000000e+00
      vertex  3.450766e+01  3.661888e+00  2.000000e+00
    endloop
  endfacet
  facet normal  0.000000e+00  0.000000e+00 -1.000000e+00
    outer loop
      vertex  4.000000e+01  0.000000e+00  2.000000e+00
      vertex  3.450766e+01  3.661888e+00  2.000000e+00
      vertex  3.467306e+01  4.772727e+00  2.000000e+00
    endloop
  endfacet
  facet normal  0.000000e+00  0.000000e+00 -1.000000e+00
    outer loop
      vertex  4.000000e+01  0.000000e+00  2.000000e+00
      vertex  3.467306e+01  4.772727e+00  2.000000e+00
      vertex  3.955323e+01  5.961690e+00  2.000000e+00
    endloop
  endfacet
  facet normal  0.000000e+00  0.000000e+00 -1.000000e+00
    outer loop
      vertex -8.900837e+00 -3.899712e+01  2.000000e+00
      vertex -1.461364e+01 -3.723495e+01  2.000000e+00
      vertex -1.030782e+01 -3.344770e+01  2.000000e+00
    endloop
  endfacet
  facet normal  0.000000e+00  0.000000e+00 -9.999999e-01
    outer loop
      vertex -1.030782e+01 -3.344770e+01  2.000000e+00
      vertex -1.461364e+01 -3.723495e+01  2.000000e+00
      vertex -2.000000e+01 -3.464102e+01  2.000000e+00
    endloop
  endfacet
  facet normal  0.000000e+00  0.000000e+00 -1.000000e+00
    outer loop
      vertex -1.030782e+01 -3.344770e+01  2.000000e+00
      vertex -2.000000e+01 -3.464102e+01  2.000000e+00
      vertex -1.557248e+01 -3.134482e+01  2.000000e+00
    endloop
  endfacet
  facet normal  -0.000000e+00  0.000000e+00 -1.000000e+00
    outer loop
      vertex -1.557248e+01 -3.134482e+01  2.000000e+00
      vertex -2.000000e+01 -3.464102e+01  2.000000e+00
      vertex -2.493959e+01 -3.127326e+01  2.000000e+00
    endloop
  endfacet
  facet normal  0.000000e+00  0.000000e+00 -1.000000e+00
    outer loop
      vertex -1.557248e+01 -3.134482e+01  2.000000e+00
      vertex -2.493959e+01 -3.127326e+01  2.000000e+00
      vertex -2.042859e+01 -2.841958e+01  2.000000e+00
    endloop
  endfacet
  facet normal  -0.000000e+00  0.000000e+00 -1.000000e+00
    outer loop
      vertex -2.042859e+01 -2.841958e+01  2.000000e+00
      vertex -2.493959e+01 -3.127326e+01  2.000000e+00
      vertex -2.932207e+01 -2.720691e+01  2.000000e+00
    endloop
  endfacet
  facet normal  0.000000e+00  0.000000e+00 -1.000000e+00
    outer loop
      vertex -2.042859e+01 -2.841958e+01  2.000000e+00
      vertex -2.932207e+01 -2.720691e+01  2.000000e+00
      vertex -2.474874e+01 -2.474874e+01  2.000000e+00
    endloop
  endfacet
  facet normal  0.000000e+00  0.000000e+00 -9.999999e-01
    outer loop
      vertex -9.500000e+00  1.836970e-16  2.000000e+00
      vertex -1.219631e+01 -2.500000e+00  2.000000e+00
      vertex -9.060660e+00  1.060660e+00  2.000000e+00
    endloop
  endfacet
  facet normal  -0.000000e+00  0.000000e+00 -1.000000e+00
    outer loop
      vertex -9.060660e+00  1.060660e+00  2.000000e+00
      vertex -1.219631e+01 -2.500000e+00  2.000000e+00
      vertex -1.219631e+01  2.500000e+00  2.000000e+00
    endloop
  endfacet
  facet normal  0.000000e+00  0.000000e+00 -1.000000e+00
    outer loop
      vertex -1.219631e+01 -2.500000e+00  2.000000e+00
      vertex -3.269174e+01 -2.500000e+00  2.000000e+00
      vertex -1.219631e+01  2.500000e+00  2.000000e+00
    endloop
  endfacet
  facet normal  -0.000000e+00  0.000000e+00 -1.000000e+00
    outer loop
      vertex -1.219631e+01  2.500000e+00  2.000000e+00
      vertex -3.269174e+01 -2.500000e+00  2.000000e+00
      vertex -3.269174e+01  2.500000e+00  2.000000e+00
    endloop
  endfacet
  facet normal  0.000000e+00  -0.000000e+00 -1.000000e+00
    outer loop
      vertex -2.932207e+01  2.720691e+01  2.000000e+00
      vertex -2.493959e+01  3.127326e+01  2.000000e+00
      vertex -2.042859e+01  2.841958e+01  2.000000e+00
    endloop
  endfacet
  facet normal  0.000000e+00  0.000000e+00 -1.000000e+00
    outer loop
      vertex -2.042859e+01  2.841958e+01  2.000000e+00
      vertex -2.493959e+01  3.127326e+01  2.000000e+00
      vertex -2.000000e+01  3.464102e+01  2.000000e+00
    endloop
  endfacet
  facet normal  0.000000e+00  -0.000000e+00 -1.000000e+00
    outer loop
      vertex -2.042859e+01  2.841958e+01  2.000000e+00
      vertex -2.000000e+01  3.464102e+01  2.000000e+00
      vertex -1.557248e+01  3.134482e+01  2.000000e+00
    endloop
  endfacet
  facet normal  0.000000e+00  0.000000e+00 -9.999999e-01
    outer loop
      vertex -1.557248e+01  3.134482e+01  2.000000e+00
      vertex -2.000000e+01  3.464102e+01  2.000000e+00
      vertex -1.461364e+01  3.723495e+01  2.000000e+00
    endloop
  endfacet
  facet normal  0.000000e+00  -0.000000e+00 -1.000000e+00
    outer loop
      vertex -1.557248e+01  3.134482e+01  2.000000e+00
      vertex -1.461364e+01  3.723495e+01  2.000000e+00
      vertex -1.030782e+01  3.344770e+01  2.000000e+00
    endloop
  endfacet
  facet normal  0.000000e+00  0.000000e+00 -1.000000e+00
    outer loop
      vertex -1.030782e+01  3.344770e+01  2.000000e+00
      vertex -1.461364e+01  3.723495e+01  2.000000e+00
      vertex -8.900837e+00  3.899712e+01  2.000000e+00
    endloop
  endfacet
  facet normal  0.000000e+00  -0.000000e+00 -1.000000e+00
    outer loop
      vertex -1.030782e+01  3.344770e+01  2.000000e+00
      vertex -8.900837e+00  3.899712e+01  2.000000e+00
      vertex -4.772727e+00  3.467306e+01  2.000000e+00
    endloop
  endfacet
  facet normal  0.000000e+00  0.000000e+00 -1.000000e+00
    outer loop
      vertex  2.932207e+01 -2.720691e+01  2.000000e+00
      vertex  2.493959e+01 -3.127326e+01  2.000000e+00
      vertex  2.042859e+01 -2.841958e+01  2.000000e+00
    endloop
  endfacet
  facet normal  0.000000e+00  -0.000000e+00 -1.000000e+00
    outer loop
      vertex  2.042859e+01 -2.841958e+01  2.000000e+00
      vertex  2.493959e+01 -3.127326e+01  2.000000e+00
      vertex  2.000000e+01 -3.464102e+01  2.000000e+00
    endloop
  endfacet
  facet normal  0.000000e+00  0.000000e+00 -1.000000e+00
    outer loop
      vertex  2.042859e+01 -2.841958e+01  2.000000e+00
      vertex  2.000000e+01 -3.464102e+01  2.000000e+00
      vertex  1.557248e+01 -3.134482e+01  2.000000e+00
    endloop
  endfacet
  facet normal  0.000000e+00  -0.000000e+00 -9.999999e-01
    outer loop
      vertex  1.557248e+01 -3.134482e+01  2.000000e+00
      vertex  2.000000e+01 -3.464102e+01  2.000000e+00
      vertex  1.461364e+01 -3.723495e+01  2.000000e+00
    endloop
  endfacet
  facet normal  0.000000e+00  0.000000e+00 -1.000000e+00
    outer loop
      vertex  1.557248e+01 -3.134482e+01  2.000000e+00
      vertex  1.461364e+01 -3.723495e+01  2.000000e+00
      vertex  1.030782e+01 -3.344770e+01  2.000000e+00
    endloop
  endfacet
  facet normal  0.000000e+00  0.000000e+00 -1.000000e+00
    outer loop
      vertex  1.219631e+01 -2.500000e+00  2.000000e+00
      vertex  1.219631e+01  2.500000e+00  2.000000e+00
      vertex  3.269174e+01 -2.500000e+00  2.000000e+00
    endloop
  endfacet
  facet normal  0.000000e+00  0.000000e+00 -1.000000e+00
    outer loop
      vertex  3.269174e+01 -2.500000e+00  2.000000e+00
      vertex  1.219631e+01  2.500000e+00  2.000000e+00
      vertex  3.269174e+01  2.500000e+00  2.000000e+00
    endloop
  endfacet
  facet normal  0.000000e+00  0.000000e+00 -1.000000e+00
    outer loop
      vertex  2.841958e+01  2.042859e+01  2.000000e+00
      vertex  2.474874e+01  2.474874e+01  2.000000e+00
      vertex  3.304955e+01  2.253280e+01  2.000000e+00
    endloop
  endfacet
  facet normal  0.000000e+00  0.000000e+00 -1.000000e+00
    outer loop
      vertex  3.304955e+01  2.253280e+01  2.000000e+00
      vertex  2.474874e+01  2.474874e+01  2.000000e+00
      vertex  2.042859e+01  2.841958e+01  2.000000e+00
    endloop
  endfacet
  facet normal  0.000000e+00  0.000000e+00 -1.000000e+00
    outer loop
      vertex  3.304955e+01  2.253280e+01  2.000000e+00
      vertex  2.042859e+01  2.841958e+01  2.000000e+00
      vertex  2.932207e+01  2.720691e+01  2.000000e+00
    endloop
  endfacet
  facet normal  0.000000e+00  0.000000e+00 -1.000000e+00
    outer loop
      vertex  2.932207e+01  2.720691e+01  2.000000e+00
      vertex  2.042859e+01  2.841958e+01  2.000000e+00
      vertex  2.000000e+01  3.464102e+01  2.000000e+00
    endloop
  endfacet
  facet normal  0.000000e+00  0.000000e+00 -9.999999e-01
    outer loop
      vertex  2.932207e+01  2.720691e+01  2.000000e+00
      vertex  2.000000e+01  3.464102e+01  2.000000e+00
      vertex  2.493959e+01  3.127326e+01  2.000000e+00
    endloop
  endfacet
  facet normal  0.000000e+00  0.000000e+00 -1.000000e+00
    outer loop
      vertex  4.619398e+00 -1.913417e+00  2.000000e+00
      vertex  1.500000e+00 -8.000000e+00  2.000000e+00
      vertex  3.535534e+00 -3.535534e+00  2.000000e+00
    endloop
  endfacet
  facet normal  0.000000e+00  0.000000e+00 -1.000000e+00
    outer loop
      vertex  3.535534e+00 -3.535534e+00  2.000000e+00
      vertex  1.500000e+00 -8.000000e+00  2.000000e+00
      vertex  1.060660e+00 -6.939340e+00  2.000000e+00
    endloop
  endfacet
  facet normal  0.000000e+00  0.000000e+00 -1.000000e+00
    outer loop
      vertex  3.535534e+00 -3.535534e+00  2.000000e+00
      vertex  1.060660e+00 -6.939340e+00  2.000000e+00
      vertex  1.913417e+00 -4.619398e+00  2.000000e+00
    endloop
  endfacet
  facet normal  0.000000e+00  0.000000e+00 -1.000000e+00
    outer loop
      vertex  1.913417e+00 -4.619398e+00  2.000000e+00
      vertex  1.060660e+00 -6.939340e+00  2.000000e+00
      vertex  9.184851e-17 -6.500000e+00  2.000000e+00
    endloop
  endfacet
  facet normal  0.000000e+00  0.000000e+00 -9.999999e-01
    outer loop
      vertex  1.913417e+00 -4.619398e+00  2.000000e+00
      vertex  9.184851e-17 -6.500000e+00  2.000000e+00
      vertex -9.184850e-16 -5.000000e+00  2.000000e+00
    endloop
  endfacet
  facet normal  0.000000e+00  0.000000e+00 -1.000000e+00
    outer loop
      vertex  8.813705e+00 -6.581686e+00  2.000000e+00
      vertex  6.581686e+00 -8.813705e+00  2.000000e+00
      vertex  1.031996e+01 -3.807692e+00  2.000000e+00
    endloop
  endfacet
  facet normal  -0.000000e+00  0.000000e+00 -1.000000e+00
    outer loop
      vertex  1.031996e+01 -3.807692e+00  2.000000e+00
      vertex  6.581686e+00 -8.813705e+00  2.000000e+00
      vertex  8.000000e+00 -1.500000e+00  2.000000e+00
    endloop
  endfacet
  facet normal  0.000000e+00  0.000000e+00 -1.000000e+00
    outer loop
      vertex  6.581686e+00 -8.813705e+00  2.000000e+00
      vertex  1.500000e+00 -8.000000e+00  2.000000e+00
      vertex  8.000000e+00 -1.500000e+00  2.000000e+00
    endloop
  endfacet
  facet normal  0.000000e+00  0.000000e+00 -1.000000e+00
    outer loop
      vertex  8.000000e+00 -1.500000e+00  2.000000e+00
      vertex  1.500000e+00 -8.000000e+00  2.000000e+00
      vertex  4.619398e+00 -1.913417e+00  2.000000e+00
    endloop
  endfacet
  facet normal  0.000000e+00  0.000000e+00 -1.000000e+00
    outer loop
      vertex -6.939340e+00 -1.060660e+00  2.000000e+00
      vertex -4.619398e+00 -1.913417e+00  2.000000e+00
      vertex -8.000000e+00 -1.500000e+00  2.000000e+00
    endloop
  endfacet
  facet normal  0.000000e+00  0.000000e+00 -1.000000e+00
    outer loop
      vertex -8.000000e+00 -1.500000e+00  2.000000e+00
      vertex -4.619398e+00 -1.913417e+00  2.000000e+00
      vertex -3.535534e+00 -3.535534e+00  2.000000e+00
    endloop
  endfacet
  facet normal  -0.000000e+00  0.000000e+00 -1.000000e+00
    outer loop
      vertex -8.000000e+00 -1.500000e+00  2.000000e+00
      vertex -3.535534e+00 -3.535534e+00  2.000000e+00
      vertex -6.581686e+00 -8.813705e+00  2.000000e+00
    endloop
  endfacet
  facet normal  0.000000e+00  0.000000e+00 -1.000000e+00
    outer loop
      vertex -6.581686e+00 -8.813705e+00  2.000000e+00
      vertex -3.535534e+00 -3.535534e+00  2.000000e+00
      vertex -1.913417e+00 -4.619398e+00  2.000000e+00
    endloop
  endfacet
  facet normal  0.000000e+00  -0.000000e+00 -1.000000e+00
    outer loop
      vertex -6.581686e+00 -8.813705e+00  2.000000e+00
      vertex -1.913417e+00 -4.619398e+00  2.000000e+00
      vertex -1.500000e+00 -8.000000e+00  2.000000e+00
    endloop
  endfacet
  facet normal  0.000000e+00  0.000000e+00 -1.000000e+00
    outer loop
      vertex -2.841958e+01  2.042859e+01  2.000000e+00
      vertex -3.304955e+01  2.253280e+01  2.000000e+00
      vertex -2.474874e+01  2.474874e+01  2.000000e+00
    endloop
  endfacet
  facet normal  -0.000000e+00  0.000000e+00 -1.000000e+00
    outer loop
      vertex -2.474874e+01  2.474874e+01  2.000000e+00
      vertex -3.304955e+01  2.253280e+01  2.000000e+00
      vertex -2.932207e+01  2.720691e+01  2.000000e+00
    endloop
  endfacet
  facet normal  0.000000e+00  0.000000e+00 -1.000000e+00
    outer loop
      vertex -2.474874e+01  2.474874e+01  2.000000e+00
      vertex -2.932207e+01  2.720691e+01  2.000000e+00
      vertex -2.042859e+01  2.841958e+01  2.000000e+00
    endloop
  endfacet
  facet normal  0.000000e+00  0.000000e+00 -1.000000e+00
    outer loop
      vertex -3.134482e+01  1.557248e+01  2.000000e+00
      vertex -3.304955e+01  2.253280e+01  2.000000e+00
      vertex -2.841958e+01  2.042859e+01  2.000000e+00
    endloop
  endfacet
  facet normal  0.000000e+00  0.000000e+00 -1.000000e+00
    outer loop
      vertex -3.304955e+01  2.253280e+01  2.000000e+00
      vertex -3.134482e+01  1.557248e+01  2.000000e+00
      vertex -3.603875e+01  1.735535e+01  2.000000e+00
    endloop
  endfacet
  facet normal  0.000000e+00  0.000000e+00 -1.000000e+00
    outer loop
      vertex -3.603875e+01  1.735535e+01  2.000000e+00
      vertex -3.134482e+01  1.557248e+01  2.000000e+00
      vertex -3.344770e+01  1.030782e+01  2.000000e+00
    endloop
  endfacet
  facet normal  0.000000e+00  0.000000e+00 -1.000000e+00
    outer loop
      vertex -3.603875e+01  1.735535e+01  2.000000e+00
      vertex -3.344770e+01  1.030782e+01  2.000000e+00
      vertex -3.822291e+01  1.179021e+01  2.000000e+00
    endloop
  endfacet
  facet normal  0.000000e+00  0.000000e+00 -1.000000e+00
    outer loop
      vertex -3.822291e+01  1.179021e+01  2.000000e+00
      vertex -3.344770e+01  1.030782e+01  2.000000e+00
      vertex -3.467306e+01  4.772727e+00  2.000000e+00
    endloop
  endfacet
  facet normal  0.000000e+00  0.000000e+00 -1.000000e+00
    outer loop
      vertex -3.822291e+01  1.179021e+01  2.000000e+00
      vertex -3.467306e+01  4.772727e+00  2.000000e+00
      vertex -3.955323e+01  5.961690e+00  2.000000e+00
    endloop
  endfacet
  facet normal  -0.000000e+00  0.000000e+00 -1.000000e+00
    outer loop
      vertex -3.450766e+01 -3.661888e+00  2.000000e+00
      vertex -3.467306e+01 -4.772727e+00  2.000000e+00
      vertex -3.955323e+01 -5.961690e+00  2.000000e+00
    endloop
  endfacet
  facet normal  0.000000e+00  0.000000e+00 -1.000000e+00
    outer loop
      vertex -3.955323e+01 -5.961690e+00  2.000000e+00
      vertex -3.467306e+01 -4.772727e+00  2.000000e+00
      vertex -3.344770e+01 -1.030782e+01  2.000000e+00
    endloop
  endfacet
  facet normal  -0.000000e+00  0.000000e+00 -1.000000e+00
    outer loop
      vertex -3.955323e+01 -5.961690e+00  2.000000e+00
      vertex -3.344770e+01 -1.030782e+01  2.000000e+00
      vertex -3.822291e+01 -1.179021e+01  2.000000e+00
    endloop
  endfacet
  facet normal  0.000000e+00  0.000000e+00 -1.000000e+00
    outer loop
      vertex -3.822291e+01 -1.179021e+01  2.000000e+00
      vertex -3.344770e+01 -1.030782e+01  2.000000e+00
      vertex -3.134482e+01 -1.557248e+01  2.000000e+00
    endloop
  endfacet
  facet normal  -0.000000e+00  0.000000e+00 -1.000000e+00
    outer loop
      vertex -3.822291e+01 -1.179021e+01  2.000000e+00
      vertex -3.134482e+01 -1.557248e+01  2.000000e+00
      vertex -3.603875e+01 -1.735535e+01  2.000000e+00
    endloop
  endfacet
  facet normal  0.000000e+00  0.000000e+00 -1.000000e+00
    outer loop
      vertex -3.603875e+01 -1.735535e+01  2.000000e+00
      vertex -3.134482e+01 -1.557248e+01  2.000000e+00
      vertex -2.841958e+01 -2.042859e+01  2.000000e+00
    endloop
  endfacet
  facet normal  -0.000000e+00  0.000000e+00 -1.000000e+00
    outer loop
      vertex -3.603875e+01 -1.735535e+01  2.000000e+00
      vertex -2.841958e+01 -2.042859e+01  2.000000e+00
      vertex -3.304955e+01 -2.253280e+01  2.000000e+00
    endloop
  endfacet
  facet normal  0.000000e+00  0.000000e+00 -1.000000e+00
    outer loop
      vertex -3.304955e+01 -2.253280e+01  2.000000e+00
      vertex -2.841958e+01 -2.042859e+01  2.000000e+00
      vertex -2.474874e+01 -2.474874e+01  2.000000e+00
    endloop
  endfacet
  facet normal  -0.000000e+00  0.000000e+00 -1.000000e+00
    outer loop
      vertex -3.304955e+01 -2.253280e+01  2.000000e+00
      vertex -2.474874e+01 -2.474874e+01  2.000000e+00
      vertex -2.932207e+01 -2.720691e+01  2.000000e+00
    endloop
  endfacet
  facet normal  0.000000e+00  0.000000e+00 -1.000000e+00
    outer loop
      vertex -4.619398e+00  1.913417e+00  2.000000e+00
      vertex -5.000000e+00  6.123234e-16  2.000000e+00
      vertex -6.939340e+00  1.060660e+00  2.000000e+00
    endloop
  endfacet
  facet normal  0.000000e+00  0.000000e+00 -1.000000e+00
    outer loop
      vertex -6.939340e+00  1.060660e+00  2.000000e+00
      vertex -5.000000e+00  6.123234e-16  2.000000e+00
      vertex -6.500000e+00  0.000000e+00  2.000000e+00
    endloop
  endfacet
  facet normal  0.000000e+00  0.000000e+00 -9.999999e-01
    outer loop
      vertex -5.000000e+00  6.123234e-16  2.000000e+00
      vertex -4.619398e+00 -1.913417e+00  2.000000e+00
      vertex -6.500000e+00  0.000000e+00  2.000000e+00
    endloop
  endfacet
  facet normal  0.000000e+00  -0.000000e+00 -1.000000e+00
    outer loop
      vertex -6.500000e+00  0.000000e+00  2.000000e+00
      vertex -4.619398e+00 -1.913417e+00  2.000000e+00
      vertex -6.939340e+00 -1.060660e+00  2.000000e+00
    endloop
  endfacet
  facet normal  0.000000e+00  0.000000e+00 -1.000000e+00
    outer loop
      vertex -1.500000e+00 -8.000000e+00  2.000000e+00
      vertex -1.060660e+00 -9.060660e+00  2.000000e+00
      vertex -6.581686e+00 -8.813705e+00  2.000000e+00
    endloop
  endfacet
  facet normal  0.000000e+00  0.000000e+00 -1.000000e+00
    outer loop
      vertex -6.581686e+00 -8.813705e+00  2.000000e+00
      vertex -1.060660e+00 -9.060660e+00  2.000000e+00
      vertex -2.755455e-16 -9.500000e+00  2.000000e+00
    endloop
  endfacet
  facet normal  -0.000000e+00  0.000000e+00 -1.000000e+00
    outer loop
      vertex -6.581686e+00 -8.813705e+00  2.000000e+00
      vertex -2.755455e-16 -9.500000e+00  2.000000e+00
      vertex -3.807692e+00 -1.031996e+01  2.000000e+00
    endloop
  endfacet
  facet normal  0.000000e+00  0.000000e+00 -1.000000e+00
    outer loop
      vertex  8.000000e+00 -1.500000e+00  2.000000e+00
      vertex  4.619398e+00 -1.913417e+00  2.000000e+00
      vertex  6.939340e+00 -1.060660e+00  2.000000e+00
    endloop
  endfacet
  facet normal  -0.000000e+00  0.000000e+00 -1.000000e+00
    outer loop
      vertex  6.939340e+00 -1.060660e+00  2.000000e+00
      vertex  4.619398e+00 -1.913417e+00  2.000000e+00
      vertex  5.000000e+00  0.000000e+00  2.000000e+00
    endloop
  endfacet
  facet normal  0.000000e+00  0.000000e+00 -1.000000e+00
    outer loop
      vertex  6.939340e+00 -1.060660e+00  2.000000e+00
      vertex  5.000000e+00  0.000000e+00  2.000000e+00
      vertex  6.500000e+00  1.836970e-16  2.000000e+00
    endloop
  endfacet
  facet normal  -0.000000e+00  0.000000e+00 -9.999999e-01
    outer loop
      vertex  6.500000e+00  1.836970e-16  2.000000e+00
      vertex  5.000000e+00  0.000000e+00  2.000000e+00
      vertex  4.619398e+00  1.913417e+00  2.000000e+00
    endloop
  endfacet
  facet normal  0.000000e+00  0.000000e+00 -1.000000e+00
    outer loop
      vertex  6.500000e+00  1.836970e-16  2.000000e+00
      vertex  4.619398e+00  1.913417e+00  2.000000e+00
      vertex  6.939340e+00  1.060660e+00  2.000000e+00
    endloop
  endfacet
  facet normal  -0.000000e+00  0.000000e+00 -1.000000e+00
    outer loop
      vertex  1.500000e+00 -8.000000e+00  2.000000e+00
      vertex  6.581686e+00 -8.813705e+00  2.000000e+00
      vertex  1.060660e+00 -9.060660e+00  2.000000e+00
    endloop
  endfacet
  facet normal  0.000000e+00  0.000000e+00 -9.999999e-01
    outer loop
      vertex  1.060660e+00 -9.060660e+00  2.000000e+00
      vertex  6.581686e+00 -8.813705e+00  2.000000e+00
      vertex  3.807692e+00 -1.031996e+01  2.000000e+00
    endloop
  endfacet
  facet normal  0.000000e+00  0.000000e+00 -1.000000e+00
    outer loop
      vertex  1.060660e+00 -9.060660e+00  2.000000e+00
      vertex  3.807692e+00 -1.031996e+01  2.000000e+00
      vertex -2.755455e-16 -9.500000e+00  2.000000e+00
    endloop
  endfacet
  facet normal  0.000000e+00  0.000000e+00 -1.000000e+00
    outer loop
      vertex  3.603875e+01  1.735535e+01  2.000000e+00
      vertex  2.841958e+01  2.042859e+01  2.000000e+00
      vertex  3.304955e+01  2.253280e+01  2.000000e+00
    endloop
  endfacet
  facet normal  -0.000000e+00  0.000000e+00 -1.000000e+00
    outer loop
      vertex  2.841958e+01  2.042859e+01  2.000000e+00
      vertex  3.603875e+01  1.735535e+01  2.000000e+00
      vertex  3.134482e+01  1.557248e+01  2.000000e+00
    endloop
  endfacet
  facet normal  0.000000e+00  0.000000e+00 -1.000000e+00
    outer loop
      vertex  3.134482e+01  1.557248e+01  2.000000e+00
      vertex  3.603875e+01  1.735535e+01  2.000000e+00
      vertex  3.822291e+01  1.179021e+01  2.000000e+00
    endloop
  endfacet
  facet normal  -0.000000e+00  0.000000e+00 -1.000000e+00
    outer loop
      vertex  3.134482e+01  1.557248e+01  2.000000e+00
      vertex  3.822291e+01  1.179021e+01  2.000000e+00
      vertex  3.344770e+01  1.030782e+01  2.000000e+00
    endloop
  endfacet
  facet normal  0.000000e+00  0.000000e+00 -1.000000e+00
    outer loop
      vertex  3.344770e+01  1.030782e+01  2.000000e+00
      vertex  3.822291e+01  1.179021e+01  2.000000e+00
      vertex  3.955323e+01  5.961690e+00  2.000000e+00
    endloop
  endfacet
  facet normal  -0.000000e+00  0.000000e+00 -1.000000e+00
    outer loop
      vertex  3.344770e+01  1.030782e+01  2.000000e+00
      vertex  3.955323e+01  5.961690e+00  2.000000e+00
      vertex  3.467306e+01  4.772727e+00  2.000000e+00
    endloop
  endfacet
  facet normal  0.000000e+00  -0.000000e+00 -9.999999e-01
    outer loop
      vertex  2.042859e+01 -2.841958e+01  2.000000e+00
      vertex  2.474874e+01 -2.474874e+01  2.000000e+00
      vertex  2.932207e+01 -2.720691e+01  2.000000e+00
    endloop
  endfacet
  facet normal  0.000000e+00  0.000000e+00 -1.000000e+00
    outer loop
      vertex  2.932207e+01 -2.720691e+01  2.000000e+00
      vertex  2.474874e+01 -2.474874e+01  2.000000e+00
      vertex  2.841958e+01 -2.042859e+01  2.000000e+00
    endloop
  endfacet
  facet normal  0.000000e+00  0.000000e+00 -1.000000e+00
    outer loop
      vertex  2.932207e+01 -2.720691e+01  2.000000e+00
      vertex  2.841958e+01 -2.042859e+01  2.000000e+00
      vertex  3.304955e+01 -2.253280e+01  2.000000e+00
    endloop
  endfacet
  facet normal  0.000000e+00  0.000000e+00 -1.000000e+00
    outer loop
      vertex  3.304955e+01 -2.253280e+01  2.000000e+00
      vertex  2.841958e+01 -2.042859e+01  2.000000e+00
      vertex  3.134482e+01 -1.557248e+01  2.000000e+00
    endloop
  endfacet
  facet normal  0.000000e+00  0.000000e+00 -1.000000e+00
    outer loop
      vertex  3.304955e+01 -2.253280e+01  2.000000e+00
      vertex  3.134482e+01 -1.557248e+01  2.000000e+00
      vertex  3.603875e+01 -1.735535e+01  2.000000e+00
    endloop
  endfacet
  facet normal  0.000000e+00  0.000000e+00 -1.000000e+00
    outer loop
      vertex  3.603875e+01 -1.735535e+01  2.000000e+00
      vertex  3.134482e+01 -1.557248e+01  2.000000e+00
      vertex  3.344770e+01 -1.030782e+01  2.000000e+00
    endloop
  endfacet
  facet normal  0.000000e+00  0.000000e+00 -1.000000e+00
    outer loop
      vertex  3.603875e+01 -1.735535e+01  2.000000e+00
      vertex  3.344770e+01 -1.030782e+01  2.000000e+00
      vertex  3.822291e+01 -1.179021e+01  2.000000e+00
    endloop
  endfacet
  facet normal  0.000000e+00  0.000000e+00 -1.000000e+00
    outer loop
      vertex  3.822291e+01 -1.179021e+01  2.000000e+00
      vertex  3.344770e+01 -1.030782e+01  2.000000e+00
      vertex  3.467306e+01 -4.772727e+00  2.000000e+00
    endloop
  endfacet
  facet normal  0.000000e+00  0.000000e+00 -1.000000e+00
    outer loop
      vertex  3.822291e+01 -1.179021e+01  2.000000e+00
      vertex  3.467306e+01 -4.772727e+00  2.000000e+00
      vertex  3.955323e+01 -5.961690e+00  2.000000e+00
    endloop
  endfacet
  facet normal -6.113772e-01 -7.913393e-01  0.000000e+00
    outer loop
      vertex -3.807692e+00 -1.031996e+01  2.000000e+00
      vertex -2.859175e+00 -1.105277e+01  2.000000e+00
      vertex -3.807692e+00 -1.031996e+01  7.000000e+00
    endloop
  endfacet
  facet normal -6.113772e-01 -7.913393e-01  0.000000e+00
    outer loop
      vertex -3.807692e+00 -1.031996e+01  7.000000e+00
      vertex -2.859175e+00 -1.105277e+01  2.000000e+00
      vertex -2.859175e+00 -1.105277e+01  7.000000e+00
    endloop
  endfacet
  facet normal -9.540473e-01 -2.996558e-01  0.000000e+00
    outer loop
      vertex -2.859175e+00 -1.105277e+01  2.000000e+00
      vertex -2.500000e+00 -1.219631e+01  2.000000e+00
      vertex -2.859175e+00 -1.105277e+01  7.000000e+00
    endloop
  endfacet
  facet normal -9.540473e-01 -2.996558e-01  0.000000e+00
    outer loop
      vertex -2.859175e+00 -1.105277e+01  7.000000e+00
      vertex -2.500000e+00 -1.219631e+01  2.000000e+00
      vertex -2.500000e+00 -1.219631e+01  7.000000e+00
    endloop
  endfacet
  facet normal -4.771820e-01 -8.788046e-01  -0.000000e+00
    outer loop
      vertex -3.807692e+00 -1.031996e+01  2.000000e+00
      vertex -3.807692e+00 -1.031996e+01  7.000000e+00
      vertex -6.581686e+00 -8.813705e+00  2.000000e+00
    endloop
  endfacet
  facet normal -4.771820e-01 -8.788046e-01  0.000000e+00
    outer loop
      vertex -6.581686e+00 -8.813705e+00  2.000000e+00
      vertex -3.807692e+00 -1.031996e+01  7.000000e+00
      vertex -6.581686e+00 -8.813705e+00  7.000000e+00
    endloop
  endfacet
  facet normal -7.071068e-01 -7.071068e-01  -0.000000e+00
    outer loop
      vertex -6.581686e+00 -8.813705e+00  2.000000e+00
      vertex -6.581686e+00 -8.813705e+00  7.000000e+00
      vertex -8.813705e+00 -6.581686e+00  2.000000e+00
    endloop
  endfacet
  facet normal -7.071068e-01 -7.071068e-01  0.000000e+00
    outer loop
      vertex -8.813705e+00 -6.581686e+00  2.000000e+00
      vertex -6.581686e+00 -8.813705e+00  7.000000e+00
      vertex -8.813705e+00 -6.581686e+00  7.000000e+00
    endloop
  endfacet
  facet normal -8.788046e-01 -4.771820e-01  -0.000000e+00
    outer loop
      vertex -8.813705e+00 -6.581686e+00  2.000000e+00
      vertex -8.813705e+00 -6.581686e+00  7.000000e+00
      vertex -1.031996e+01 -3.807692e+00  2.000000e+00
    endloop
  endfacet
  facet normal -8.788046e-01 -4.771820e-01  0.000000e+00
    outer loop
      vertex -1.031996e+01 -3.807692e+00  2.000000e+00
      vertex -8.813705e+00 -6.581686e+00  7.000000e+00
      vertex -1.031996e+01 -3.807692e+00  7.000000e+00
    endloop
  endfacet
  facet normal -2.996558e-01 -9.540473e-01  0.000000e+00
    outer loop
      vertex -1.219631e+01 -2.500000e+00  2.000000e+00
      vertex -1.105277e+01 -2.859175e+00  2.000000e+00
      vertex -1.219631e+01 -2.500000e+00  7.000000e+00
    endloop
  endfacet
  facet normal -2.996558e-01 -9.540473e-01  0.000000e+00
    outer loop
      vertex -1.219631e+01 -2.500000e+00  7.000000e+00
      vertex -1.105277e+01 -2.859175e+00  2.000000e+00
      vertex -1.105277e+01 -2.859175e+00  7.000000e+00
    endloop
  endfacet
  facet normal -7.913393e-01 -6.113772e-01  0.000000e+00
    outer loop
      vertex -1.105277e+01 -2.859175e+00  2.000000e+00
      vertex -1.031996e+01 -3.807692e+00  2.000000e+00
      vertex -1.105277e+01 -2.859175e+00  7.000000e+00
    endloop
  endfacet
  facet normal -7.913393e-01 -6.113772e-01  0.000000e+00
    outer loop
      vertex -1.105277e+01 -2.859175e+00  7.000000e+00
      vertex -1.031996e+01 -3.807692e+00  2.000000e+00
      vertex -1.031996e+01 -3.807692e+00  7.000000e+00
    endloop
  endfacet
  facet normal  0.000000e+00 -1.000000e+00  0.000000e+00
    outer loop
      vertex -1.219631e+01 -2.500000e+00  7.000000e+00
      vertex -3.269174e+01 -2.500000e+00  7.000000e+00
      vertex -1.219631e+01 -2.500000e+00  2.000000e+00
    endloop
  endfacet
  facet normal  0.000000e+00 -1.000000e+00  0.000000e+00
    outer loop
      vertex -1.219631e+01 -2.500000e+00  2.000000e+00
      vertex -3.269174e+01 -2.500000e+00  7.000000e+00
      vertex -3.269174e+01 -2.500000e+00  2.000000e+00
    endloop
  endfacet
  facet normal  9.890962e-01 -1.472707e-01  0.000000e+00
    outer loop
      vertex -3.450766e+01 -3.661888e+00  2.000000e+00
      vertex -3.467306e+01 -4.772727e+00  7.000000e+00
      vertex -3.467306e+01 -4.772727e+00  2.000000e+00
    endloop
  endfacet
  facet normal  9.890962e-01 -1.472707e-01  0.000000e+00
    outer loop
      vertex -3.467306e+01 -4.772727e+00  7.000000e+00
      vertex -3.450766e+01 -3.661888e+00  2.000000e+00
      vertex -3.450766e+01 -3.661888e+00  7.000000e+00
    endloop
  endfacet
  facet normal  7.537772e-01 -6.571301e-01  0.000000e+00
    outer loop
      vertex -3.450766e+01 -3.661888e+00  7.000000e+00
      vertex -3.450766e+01 -3.661888e+00  2.000000e+00
      vertex -3.376965e+01 -2.815330e+00  2.000000e+00
    endloop
  endfacet
  facet normal  7.537772e-01 -6.571301e-01  0.000000e+00
    outer loop
      vertex -3.450766e+01 -3.661888e+00  7.000000e+00
      vertex -3.376965e+01 -2.815330e+00  2.000000e+00
      vertex -3.376965e+01 -2.815330e+00  7.000000e+00
    endloop
  endfacet
  facet normal  2.807718e-01 -9.597746e-01  0.000000e+00
    outer loop
      vertex -3.376965e+01 -2.815330e+00  7.000000e+00
      vertex -3.376965e+01 -2.815330e+00  2.000000e+00
      vertex -3.269174e+01 -2.500000e+00  2.000000e+00
    endloop
  endfacet
  facet normal  2.807718e-01 -9.597746e-01  0.000000e+00
    outer loop
      vertex -3.376965e+01 -2.815330e+00  7.000000e+00
      vertex -3.269174e+01 -2.500000e+00  2.000000e+00
      vertex -3.269174e+01 -2.500000e+00  7.000000e+00
    endloop
  endfacet
  facet normal  6.475174e-01  7.620507e-01  0.000000e+00
    outer loop
      vertex -2.474874e+01 -2.474874e+01  2.000000e+00
      vertex -2.042859e+01 -2.841958e+01  7.000000e+00
      vertex -2.042859e+01 -2.841958e+01  2.000000e+00
    endloop
  endfacet
  facet normal  5.159961e-01  8.565910e-01  -0.000000e+00
    outer loop
      vertex -2.042859e+01 -2.841958e+01  2.000000e+00
      vertex -2.042859e+01 -2.841958e+01  7.000000e+00
      vertex -1.557248e+01 -3.134482e+01  7.000000e+00
    endloop
  endfacet
  facet normal  5.159961e-01  8.565910e-01  0.000000e+00
    outer loop
      vertex -2.042859e+01 -2.841958e+01  2.000000e+00
      vertex -1.557248e+01 -3.134482e+01  7.000000e+00
      vertex -1.557248e+01 -3.134482e+01  2.000000e+00
    endloop
  endfacet
  facet normal  3.709374e-01  9.286579e-01  -0.000000e+00
    outer loop
      vertex -1.557248e+01 -3.134482e+01  2.000000e+00
      vertex -1.557248e+01 -3.134482e+01  7.000000e+00
      vertex -1.030782e+01 -3.344770e+01  7.000000e+00
    endloop
  endfacet
  facet normal  3.709374e-01  9.286579e-01  0.000000e+00
    outer loop
      vertex -1.557248e+01 -3.134482e+01  2.000000e+00
      vertex -1.030782e+01 -3.344770e+01  7.000000e+00
      vertex -1.030782e+01 -3.344770e+01  2.000000e+00
    endloop
  endfacet
  facet normal  2.161464e-01  9.763609e-01  -0.000000e+00
    outer loop
      vertex -1.030782e+01 -3.344770e+01  2.000000e+00
      vertex -1.030782e+01 -3.344770e+01  7.000000e+00
      vertex -4.772727e+00 -3.467306e+01  7.000000e+00
    endloop
  endfacet
  facet normal  2.161464e-01  9.763609e-01  0.000000e+00
    outer loop
      vertex -1.030782e+01 -3.344770e+01  2.000000e+00
      vertex -4.772727e+00 -3.467306e+01  7.000000e+00
      vertex -4.772727e+00 -3.467306e+01  2.000000e+00
    endloop
  endfacet
  facet normal  6.475174e-01  7.620507e-01  -0.000000e+00
    outer loop
      vertex -2.042859e+01 -2.841958e+01  7.000000e+00
      vertex -2.474874e+01 -2.474874e+01  2.000000e+00
      vertex -2.474874e+01 -2.474874e+01  7.000000e+00
    endloop
  endfacet
  facet normal  7.620507e-01  6.475174e-01  0.000000e+00
    outer loop
      vertex -2.474874e+01 -2.474874e+01  7.000000e+00
      vertex -2.474874e+01 -2.474874e+01  2.000000e+00
      vertex -2.841958e+01 -2.042859e+01  2.000000e+00
    endloop
  endfacet
  facet normal  7.620507e-01  6.475174e-01  -0.000000e+00
    outer loop
      vertex -2.474874e+01 -2.474874e+01  7.000000e+00
      vertex -2.841958e+01 -2.042859e+01  2.000000e+00
      vertex -2.841958e+01 -2.042859e+01  7.000000e+00
    endloop
  endfacet
  facet normal  8.565910e-01  5.159961e-01  0.000000e+00
    outer loop
      vertex -2.841958e+01 -2.042859e+01  7.000000e+00
      vertex -2.841958e+01 -2.042859e+01  2.000000e+00
      vertex -3.134482e+01 -1.557248e+01  2.000000e+00
    endloop
  endfacet
  facet normal  8.565910e-01  5.159961e-01  -0.000000e+00
    outer loop
      vertex -2.841958e+01 -2.042859e+01  7.000000e+00
      vertex -3.134482e+01 -1.557248e+01  2.000000e+00
      vertex -3.134482e+01 -1.557248e+01  7.000000e+00
    endloop
  endfacet
  facet normal  9.286579e-01  3.709374e-01  0.000000e+00
    outer loop
      vertex -3.134482e+01 -1.557248e+01  7.000000e+00
      vertex -3.134482e+01 -1.557248e+01  2.000000e+00
      vertex -3.344770e+01 -1.030782e+01  2.000000e+00
    endloop
  endfacet
  facet normal  9.286579e-01  3.709374e-01  -0.000000e+00
    outer loop
      vertex -3.134482e+01 -1.557248e+01  7.000000e+00
      vertex -3.344770e+01 -1.030782e+01  2.000000e+00
      vertex -3.344770e+01 -1.030782e+01  7.000000e+00
    endloop
  endfacet
  facet normal  9.763609e-01  2.161464e-01  0.000000e+00
    outer loop
      vertex -3.344770e+01 -1.030782e+01  7.000000e+00
      vertex -3.344770e+01 -1.030782e+01  2.000000e+00
      vertex -3.467306e+01 -4.772727e+00  2.000000e+00
    endloop
  endfacet
  facet normal  9.763609e-01  2.161464e-01  -0.000000e+00
    outer loop
      vertex -3.344770e+01 -1.030782e+01  7.000000e+00
      vertex -3.467306e+01 -4.772727e+00  2.000000e+00
      vertex -3.467306e+01 -4.772727e+00  7.000000e+00
    endloop
  endfacet
  facet normal -9.597746e-01  2.807718e-01  0.000000e+00
    outer loop
      vertex -2.815330e+00 -3.376965e+01  2.000000e+00
      vertex -2.500000e+00 -3.269174e+01  7.000000e+00
      vertex -2.500000e+00 -3.269174e+01  2.000000e+00
    endloop
  endfacet
  facet normal -9.597746e-01  2.807718e-01  0.000000e+00
    outer loop
      vertex -2.500000e+00 -3.269174e+01  7.000000e+00
      vertex -2.815330e+00 -3.376965e+01  2.000000e+00
      vertex -2.815330e+00 -3.376965e+01  7.000000e+00
    endloop
  endfacet
  facet normal -6.571301e-01  7.537772e-01  0.000000e+00
    outer loop
      vertex -2.815330e+00 -3.376965e+01  7.000000e+00
      vertex -2.815330e+00 -3.376965e+01  2.000000e+00
      vertex -3.661888e+00 -3.450766e+01  2.000000e+00
    endloop
  endfacet
  facet normal -6.571301e-01  7.537772e-01  0.000000e+00
    outer loop
      vertex -2.815330e+00 -3.376965e+01  7.000000e+00
      vertex -3.661888e+00 -3.450766e+01  2.000000e+00
      vertex -3.661888e+00 -3.450766e+01  7.000000e+00
    endloop
  endfacet
  facet normal -1.472707e-01  9.890962e-01  0.000000e+00
    outer loop
      vertex -3.661888e+00 -3.450766e+01  7.000000e+00
      vertex -3.661888e+00 -3.450766e+01  2.000000e+00
      vertex -4.772727e+00 -3.467306e+01  2.000000e+00
    endloop
  endfacet
  facet normal -1.472707e-01  9.890962e-01  0.000000e+00
    outer loop
      vertex -3.661888e+00 -3.450766e+01  7.000000e+00
      vertex -4.772727e+00 -3.467306e+01  2.000000e+00
      vertex -4.772727e+00 -3.467306e+01  7.000000e+00
    endloop
  endfacet
  facet normal -1.000000e+00  0.000000e+00  0.000000e+00
    outer loop
      vertex -2.500000e+00 -1.219631e+01  7.000000e+00
      vertex -2.500000e+00 -1.219631e+01  2.000000e+00
      vertex -2.500000e+00 -3.269174e+01  7.000000e+00
    endloop
  endfacet
  facet normal -1.000000e+00  0.000000e+00  0.000000e+00
    outer loop
      vertex -2.500000e+00 -3.269174e+01  7.000000e+00
      vertex -2.500000e+00 -1.219631e+01  2.000000e+00
      vertex -2.500000e+00 -3.269174e+01  2.000000e+00
    endloop
  endfacet
  facet normal  1.000000e+00  -0.000000e+00  0.000000e+00
    outer loop
      vertex  2.500000e+00 -1.219631e+01  7.000000e+00
      vertex  2.500000e+00 -3.269174e+01  7.000000e+00
      vertex  2.500000e+00 -1.219631e+01  2.000000e+00
    endloop
  endfacet
  facet normal  1.000000e+00  0.000000e+00  0.000000e+00
    outer loop
      vertex  2.500000e+00 -1.219631e+01  2.000000e+00
      vertex  2.500000e+00 -3.269174e+01  7.000000e+00
      vertex  2.500000e+00 -3.269174e+01  2.000000e+00
    endloop
  endfacet
  facet normal  1.472707e-01  9.890962e-01  0.000000e+00
    outer loop
      vertex  3.661888e+00 -3.450766e+01  2.000000e+00
      vertex  4.772727e+00 -3.467306e+01  7.000000e+00
      vertex  4.772727e+00 -3.467306e+01  2.000000e+00
    endloop
  endfacet
  facet normal  1.472707e-01  9.890962e-01  -0.000000e+00
    outer loop
      vertex  4.772727e+00 -3.467306e+01  7.000000e+00
      vertex  3.661888e+00 -3.450766e+01  2.000000e+00
      vertex  3.661888e+00 -3.450766e+01  7.000000e+00
    endloop
  endfacet
  facet normal  6.571301e-01  7.537772e-01  0.000000e+00
    outer loop
      vertex  3.661888e+00 -3.450766e+01  7.000000e+00
      vertex  3.661888e+00 -3.450766e+01  2.000000e+00
      vertex  2.815330e+00 -3.376965e+01  2.000000e+00
    endloop
  endfacet
  facet normal  6.571301e-01  7.537772e-01  -0.000000e+00
    outer loop
      vertex  3.661888e+00 -3.450766e+01  7.000000e+00
      vertex  2.815330e+00 -3.376965e+01  2.000000e+00
      vertex  2.815330e+00 -3.376965e+01  7.000000e+00
    endloop
  endfacet
  facet normal  9.597746e-01  2.807718e-01  0.000000e+00
    outer loop
      vertex  2.815330e+00 -3.376965e+01  7.000000e+00
      vertex  2.815330e+00 -3.376965e+01  2.000000e+00
      vertex  2.500000e+00 -3.269174e+01  2.000000e+00
    endloop
  endfacet
  facet normal  9.597746e-01  2.807718e-01  -0.000000e+00
    outer loop
      vertex  2.815330e+00 -3.376965e+01  7.000000e+00
      vertex  2.500000e+00 -3.269174e+01  2.000000e+00
      vertex  2.500000e+00 -3.269174e+01  7.000000e+00
    endloop
  endfacet
  facet normal -7.620507e-01  6.475174e-01  0.000000e+00
    outer loop
      vertex  2.474874e+01 -2.474874e+01  2.000000e+00
      vertex  2.841958e+01 -2.042859e+01  7.000000e+00
      vertex  2.841958e+01 -2.042859e+01  2.000000e+00
    endloop
  endfacet
  facet normal -8.565910e-01  5.159961e-01  0.000000e+00
    outer loop
      vertex  2.841958e+01 -2.042859e+01  2.000000e+00
      vertex  2.841958e+01 -2.042859e+01  7.000000e+00
      vertex  3.134482e+01 -1.557248e+01  7.000000e+00
    endloop
  endfacet
  facet normal -8.565910e-01  5.159961e-01  0.000000e+00
    outer loop
      vertex  2.841958e+01 -2.042859e+01  2.000000e+00
      vertex  3.134482e+01 -1.557248e+01  7.000000e+00
      vertex  3.134482e+01 -1.557248e+01  2.000000e+00
    endloop
  endfacet
  facet normal -9.286579e-01  3.709374e-01  0.000000e+00
    outer loop
      vertex  3.134482e+01 -1.557248e+01  2.000000e+00
      vertex  3.134482e+01 -1.557248e+01  7.000000e+00
      vertex  3.344770e+01 -1.030782e+01  7.000000e+00
    endloop
  endfacet
  facet normal -9.286579e-01  3.709374e-01  0.000000e+00
    outer loop
      vertex  3.134482e+01 -1.557248e+01  2.000000e+00
      vertex  3.344770e+01 -1.030782e+01  7.000000e+00
      vertex  3.344770e+01 -1.030782e+01  2.000000e+00
    endloop
  endfacet
  facet normal -9.763609e-01  2.161464e-01  0.000000e+00
    outer loop
      vertex  3.344770e+01 -1.030782e+01  2.000000e+00
      vertex  3.344770e+01 -1.030782e+01  7.000000e+00
      vertex  3.467306e+01 -4.772727e+00  7.000000e+00
    endloop
  endfacet
  facet normal -9.763609e-01  2.161464e-01  0.000000e+00
    outer loop
      vertex  3.344770e+01 -1.030782e+01  2.000000e+00
      vertex  3.467306e+01 -4.772727e+00  7.000000e+00
      vertex  3.467306e+01 -4.772727e+00  2.000000e+00
    endloop
  endfacet
  facet normal -7.620507e-01  6.475174e-01  0.000000e+00
    outer loop
      vertex  2.841958e+01 -2.042859e+01  7.000000e+00
      vertex  2.474874e+01 -2.474874e+01  2.000000e+00
      vertex  2.474874e+01 -2.474874e+01  7.000000e+00
    endloop
  endfacet
  facet normal -6.475174e-01  7.620507e-01  0.000000e+00
    outer loop
      vertex  2.474874e+01 -2.474874e+01  7.000000e+00
      vertex  2.474874e+01 -2.474874e+01  2.000000e+00
      vertex  2.042859e+01 -2.841958e+01  2.000000e+00
    endloop
  endfacet
  facet normal -6.475174e-01  7.620507e-01  0.000000e+00
    outer loop
      vertex  2.474874e+01 -2.474874e+01  7.000000e+00
      vertex  2.042859e+01 -2.841958e+01  2.000000e+00
      vertex  2.042859e+01 -2.841958e+01  7.000000e+00
    endloop
  endfacet
  facet normal -5.159961e-01  8.565910e-01  0.000000e+00
    outer loop
      vertex  2.042859e+01 -2.841958e+01  7.000000e+00
      vertex  2.042859e+01 -2.841958e+01  2.000000e+00
      vertex  1.557248e+01 -3.134482e+01  2.000000e+00
    endloop
  endfacet
  facet normal -5.159961e-01  8.565910e-01  0.000000e+00
    outer loop
      vertex  2.042859e+01 -2.841958e+01  7.000000e+00
      vertex  1.557248e+01 -3.134482e+01  2.000000e+00
      vertex  1.557248e+01 -3.134482e+01  7.000000e+00
    endloop
  endfacet
  facet normal -3.709374e-01  9.286579e-01  0.000000e+00
    outer loop
      vertex  1.557248e+01 -3.134482e+01  7.000000e+00
      vertex  1.557248e+01 -3.134482e+01  2.000000e+00
      vertex  1.030782e+01 -3.344770e+01  2.000000e+00
    endloop
  endfacet
  facet normal -3.709374e-01  9.286579e-01  0.000000e+00
    outer loop
      vertex  1.557248e+01 -3.134482e+01  7.000000e+00
      vertex  1.030782e+01 -3.344770e+01  2.000000e+00
      vertex  1.030782e+01 -3.344770e+01  7.000000e+00
    endloop
  endfacet
  facet normal -2.161464e-01  9.763609e-01  0.000000e+00
    outer loop
      vertex  1.030782e+01 -3.344770e+01  7.000000e+00
      vertex  1.030782e+01 -3.344770e+01  2.000000e+00
      vertex  4.772727e+00 -3.467306e+01  2.000000e+00
    endloop
  endfacet
  facet normal -2.161464e-01  9.763609e-01  0.000000e+00
    outer loop
      vertex  1.030782e+01 -3.344770e+01  7.000000e+00
      vertex  4.772727e+00 -3.467306e+01  2.000000e+00
      vertex  4.772727e+00 -3.467306e+01  7.000000e+00
    endloop
  endfacet
  facet normal -2.807718e-01 -9.597746e-01  -0.000000e+00
    outer loop
      vertex  3.376965e+01 -2.815330e+00  2.000000e+00
      vertex  3.269174e+01 -2.500000e+00  7.000000e+00
      vertex  3.269174e+01 -2.500000e+00  2.000000e+00
    endloop
  endfacet
  facet normal -2.807718e-01 -9.597746e-01  0.000000e+00
    outer loop
      vertex  3.269174e+01 -2.500000e+00  7.000000e+00
      vertex  3.376965e+01 -2.815330e+00  2.000000e+00
      vertex  3.376965e+01 -2.815330e+00  7.000000e+00
    endloop
  endfacet
  facet normal -7.537772e-01 -6.571301e-01  -0.000000e+00
    outer loop
      vertex  3.376965e+01 -2.815330e+00  7.000000e+00
      vertex  3.376965e+01 -2.815330e+00  2.000000e+00
      vertex  3.450766e+01 -3.661888e+00  2.000000e+00
    endloop
  endfacet
  facet normal -7.537772e-01 -6.571301e-01  0.000000e+00
    outer loop
      vertex  3.376965e+01 -2.815330e+00  7.000000e+00
      vertex  3.450766e+01 -3.661888e+00  2.000000e+00
      vertex  3.450766e+01 -3.661888e+00  7.000000e+00
    endloop
  endfacet
  facet normal -9.890962e-01 -1.472707e-01  -0.000000e+00
    outer loop
      vertex  3.450766e+01 -3.661888e+00  7.000000e+00
      vertex  3.450766e+01 -3.661888e+00  2.000000e+00
      vertex  3.467306e+01 -4.772727e+00  2.000000e+00
    endloop
  endfacet
  facet normal -9.890962e-01 -1.472707e-01  0.000000e+00
    outer loop
      vertex  3.450766e+01 -3.661888e+00  7.000000e+00
      vertex  3.467306e+01 -4.772727e+00  2.000000e+00
      vertex  3.467306e+01 -4.772727e+00  7.000000e+00
    endloop
  endfacet
  facet normal  0.000000e+00 -1.000000e+00  0.000000e+00
    outer loop
      vertex  3.269174e+01 -2.500000e+00  7.000000e+00
      vertex  1.219631e+01 -2.500000e+00  7.000000e+00
      vertex  3.269174e+01 -2.500000e+00  2.000000e+00
    endloop
  endfacet
  facet normal  0.000000e+00 -1.000000e+00  0.000000e+00
    outer loop
      vertex  3.269174e+01 -2.500000e+00  2.000000e+00
      vertex  1.219631e+01 -2.500000e+00  7.000000e+00
      vertex  1.219631e+01 -2.500000e+00  2.000000e+00
    endloop
  endfacet
  facet normal  7.913393e-01 -6.113772e-01  0.000000e+00
    outer loop
      vertex  1.031996e+01 -3.807692e+00  2.000000e+00
      vertex  1.105277e+01 -2.859175e+00  2.000000e+00
      vertex  1.031996e+01 -3.807692e+00  7.000000e+00
    endloop
  endfacet
  facet normal  7.913393e-01 -6.113772e-01  0.000000e+00
    outer loop
      vertex  1.031996e+01 -3.807692e+00  7.000000e+00
      vertex  1.105277e+01 -2.859175e+00  2.000000e+00
      vertex  1.105277e+01 -2.859175e+00  7.000000e+00
    endloop
  endfacet
  facet normal  2.996558e-01 -9.540473e-01  0.000000e+00
    outer loop
      vertex  1.105277e+01 -2.859175e+00  2.000000e+00
      vertex  1.219631e+01 -2.500000e+00  2.000000e+00
      vertex  1.105277e+01 -2.859175e+00  7.000000e+00
    endloop
  endfacet
  facet normal  2.996558e-01 -9.540473e-01  0.000000e+00
    outer loop
      vertex  1.105277e+01 -2.859175e+00  7.000000e+00
      vertex  1.219631e+01 -2.500000e+00  2.000000e+00
      vertex  1.219631e+01 -2.500000e+00  7.000000e+00
    endloop
  endfacet
  facet normal  8.788046e-01 -4.771820e-01  0.000000e+00
    outer loop
      vertex  1.031996e+01 -3.807692e+00  2.000000e+00
      vertex  1.031996e+01 -3.807692e+00  7.000000e+00
      vertex  8.813705e+00 -6.581686e+00  2.000000e+00
    endloop
  endfacet
  facet normal  8.788046e-01 -4.771820e-01  0.000000e+00
    outer loop
      vertex  8.813705e+00 -6.581686e+00  2.000000e+00
      vertex  1.031996e+01 -3.807692e+00  7.000000e+00
      vertex  8.813705e+00 -6.581686e+00  7.000000e+00
    endloop
  endfacet
  facet normal  7.071068e-01 -7.071068e-01  0.000000e+00
    outer loop
      vertex  8.813705e+00 -6.581686e+00  2.000000e+00
      vertex  8.813705e+00 -6.581686e+00  7.000000e+00
      vertex  6.581686e+00 -8.813705e+00  2.000000e+00
    endloop
  endfacet
  facet normal  7.071068e-01 -7.071068e-01  0.000000e+00
    outer loop
      vertex  6.581686e+00 -8.813705e+00  2.000000e+00
      vertex  8.813705e+00 -6.581686e+00  7.000000e+00
      vertex  6.581686e+00 -8.813705e+00  7.000000e+00
    endloop
  endfacet
  facet normal  4.771820e-01 -8.788046e-01  0.000000e+00
    outer loop
      vertex  6.581686e+00 -8.813705e+00  2.000000e+00
      vertex  6.581686e+00 -8.813705e+00  7.000000e+00
      vertex  3.807692e+00 -1.031996e+01  2.000000e+00
    endloop
  endfacet
  facet normal  4.771820e-01 -8.788046e-01  0.000000e+00
    outer loop
      vertex  3.807692e+00 -1.031996e+01  2.000000e+00
      vertex  6.581686e+00 -8.813705e+00  7.000000e+00
      vertex  3.807692e+00 -1.031996e+01  7.000000e+00
    endloop
  endfacet
  facet normal  9.540473e-01 -2.996558e-01  0.000000e+00
    outer loop
      vertex  2.500000e+00 -1.219631e+01  2.000000e+00
      vertex  2.859175e+00 -1.105277e+01  2.000000e+00
      vertex  2.500000e+00 -1.219631e+01  7.000000e+00
    endloop
  endfacet
  facet normal  9.540473e-01 -2.996558e-01  0.000000e+00
    outer loop
      vertex  2.500000e+00 -1.219631e+01  7.000000e+00
      vertex  2.859175e+00 -1.105277e+01  2.000000e+00
      vertex  2.859175e+00 -1.105277e+01  7.000000e+00
    endloop
  endfacet
  facet normal  6.113772e-01 -7.913393e-01  0.000000e+00
    outer loop
      vertex  2.859175e+00 -1.105277e+01  2.000000e+00
      vertex  3.807692e+00 -1.031996e+01  2.000000e+00
      vertex  2.859175e+00 -1.105277e+01  7.000000e+00
    endloop
  endfacet
  facet normal  6.113772e-01 -7.913393e-01  0.000000e+00
    outer loop
      vertex  2.859175e+00 -1.105277e+01  7.000000e+00
      vertex  3.807692e+00 -1.031996e+01  2.000000e+00
      vertex  3.807692e+00 -1.031996e+01  7.000000e+00
    endloop
  endfacet
  facet normal  2.996558e-01  9.540473e-01  0.000000e+00
    outer loop
      vertex  1.219631e+01  2.500000e+00  2.000000e+00
      vertex  1.105277e+01  2.859175e+00  2.000000e+00
      vertex  1.219631e+01  2.500000e+00  7.000000e+00
    endloop
  endfacet
  facet normal  2.996558e-01  9.540473e-01  0.000000e+00
    outer loop
      vertex  1.219631e+01  2.500000e+00  7.000000e+00
      vertex  1.105277e+01  2.859175e+00  2.000000e+00
      vertex  1.105277e+01  2.859175e+00  7.000000e+00
    endloop
  endfacet
  facet normal  7.913393e-01  6.113772e-01  0.000000e+00
    outer loop
      vertex  1.105277e+01  2.859175e+00  2.000000e+00
      vertex  1.031996e+01  3.807692e+00  2.000000e+00
      vertex  1.105277e+01  2.859175e+00  7.000000e+00
    endloop
  endfacet
  facet normal  7.913393e-01  6.113772e-01  0.000000e+00
    outer loop
      vertex  1.105277e+01  2.859175e+00  7.000000e+00
      vertex  1.031996e+01  3.807692e+00  2.000000e+00
      vertex  1.031996e+01  3.807692e+00  7.000000e+00
    endloop
  endfacet
  facet normal  0.000000e+00  1.000000e+00  -0.000000e+00
    outer loop
      vertex  3.269174e+01  2.500000e+00  7.000000e+00
      vertex  3.269174e+01  2.500000e+00  2.000000e+00
      vertex  1.219631e+01  2.500000e+00  7.000000e+00
    endloop
  endfacet
  facet normal  0.000000e+00  1.000000e+00  0.000000e+00
    outer loop
      vertex  1.219631e+01  2.500000e+00  7.000000e+00
      vertex  3.269174e+01  2.500000e+00  2.000000e+00
      vertex  1.219631e+01  2.500000e+00  2.000000e+00
    endloop
  endfacet
  facet normal -9.890962e-01  1.472707e-01  0.000000e+00
    outer loop
      vertex  3.450766e+01  3.661888e+00  2.000000e+00
      vertex  3.467306e+01  4.772727e+00  7.000000e+00
      vertex  3.467306e+01  4.772727e+00  2.000000e+00
    endloop
  endfacet
  facet normal -9.890962e-01  1.472707e-01  0.000000e+00
    outer loop
      vertex  3.467306e+01  4.772727e+00  7.000000e+00
      vertex  3.450766e+01  3.661888e+00  2.000000e+00
      vertex  3.450766e+01  3.661888e+00  7.000000e+00
    endloop
  endfacet
  facet normal -7.537772e-01  6.571301e-01  0.000000e+00
    outer loop
      vertex  3.450766e+01  3.661888e+00  7.000000e+00
      vertex  3.450766e+01  3.661888e+00  2.000000e+00
      vertex  3.376965e+01  2.815330e+00  2.000000e+00
    endloop
  endfacet
  facet normal -7.537772e-01  6.571301e-01  0.000000e+00
    outer loop
      vertex  3.450766e+01  3.661888e+00  7.000000e+00
      vertex  3.376965e+01  2.815330e+00  2.000000e+00
      vertex  3.376965e+01  2.815330e+00  7.000000e+00
    endloop
  endfacet
  facet normal -2.807718e-01  9.597746e-01  0.000000e+00
    outer loop
      vertex  3.376965e+01  2.815330e+00  7.000000e+00
      vertex  3.376965e+01  2.815330e+00  2.000000e+00
      vertex  3.269174e+01  2.500000e+00  2.000000e+00
    endloop
  endfacet
  facet normal -2.807718e-01  9.597746e-01  0.000000e+00
    outer loop
      vertex  3.376965e+01  2.815330e+00  7.000000e+00
      vertex  3.269174e+01  2.500000e+00  2.000000e+00
      vertex  3.269174e+01  2.500000e+00  7.000000e+00
    endloop
  endfacet
  facet normal -6.475174e-01 -7.620507e-01  -0.000000e+00
    outer loop
      vertex  2.474874e+01  2.474874e+01  2.000000e+00
      vertex  2.042859e+01  2.841958e+01  7.000000e+00
      vertex  2.042859e+01  2.841958e+01  2.000000e+00
    endloop
  endfacet
  facet normal -5.159961e-01 -8.565910e-01  0.000000e+00
    outer loop
      vertex  2.042859e+01  2.841958e+01  2.000000e+00
      vertex  2.042859e+01  2.841958e+01  7.000000e+00
      vertex  1.557248e+01  3.134482e+01  7.000000e+00
    endloop
  endfacet
  facet normal -5.159961e-01 -8.565910e-01  -0.000000e+00
    outer loop
      vertex  2.042859e+01  2.841958e+01  2.000000e+00
      vertex  1.557248e+01  3.134482e+01  7.000000e+00
      vertex  1.557248e+01  3.134482e+01  2.000000e+00
    endloop
  endfacet
  facet normal -3.709374e-01 -9.286579e-01  0.000000e+00
    outer loop
      vertex  1.557248e+01  3.134482e+01  2.000000e+00
      vertex  1.557248e+01  3.134482e+01  7.000000e+00
      vertex  1.030782e+01  3.344770e+01  7.000000e+00
    endloop
  endfacet
  facet normal -3.709374e-01 -9.286579e-01  -0.000000e+00
    outer loop
      vertex  1.557248e+01  3.134482e+01  2.000000e+00
      vertex  1.030782e+01  3.344770e+01  7.000000e+00
      vertex  1.030782e+01  3.344770e+01  2.000000e+00
    endloop
  endfacet
  facet normal -2.161464e-01 -9.763609e-01  0.000000e+00
    outer loop
      vertex  1.030782e+01  3.344770e+01  2.000000e+00
      vertex  1.030782e+01  3.344770e+01  7.000000e+00
      vertex  4.772727e+00  3.467306e+01  7.000000e+00
    endloop
  endfacet
  facet normal -2.161464e-01 -9.763609e-01  -0.000000e+00
    outer loop
      vertex  1.030782e+01  3.344770e+01  2.000000e+00
      vertex  4.772727e+00  3.467306e+01  7.000000e+00
      vertex  4.772727e+00  3.467306e+01  2.000000e+00
    endloop
  endfacet
  facet normal -6.475174e-01 -7.620507e-01  0.000000e+00
    outer loop
      vertex  2.042859e+01  2.841958e+01  7.000000e+00
      vertex  2.474874e+01  2.474874e+01  2.000000e+00
      vertex  2.474874e+01  2.474874e+01  7.000000e+00
    endloop
  endfacet
  facet normal -7.620507e-01 -6.475174e-01  -0.000000e+00
    outer loop
      vertex  2.474874e+01  2.474874e+01  7.000000e+00
      vertex  2.474874e+01  2.474874e+01  2.000000e+00
      vertex  2.841958e+01  2.042859e+01  2.000000e+00
    endloop
  endfacet
  facet normal -7.620507e-01 -6.475174e-01  0.000000e+00
    outer loop
      vertex  2.474874e+01  2.474874e+01  7.000000e+00
      vertex  2.841958e+01  2.042859e+01  2.000000e+00
      vertex  2.841958e+01  2.042859e+01  7.000000e+00
    endloop
  endfacet
  facet normal -8.565910e-01 -5.159961e-01  -0.000000e+00
    outer loop
      vertex  2.841958e+01  2.042859e+01  7.000000e+00
      vertex  2.841958e+01  2.042859e+01  2.000000e+00
      vertex  3.134482e+01  1.557248e+01  2.000000e+00
    endloop
  endfacet
  facet normal -8.565910e-01 -5.159961e-01  0.000000e+00
    outer loop
      vertex  2.841958e+01  2.042859e+01  7.000000e+00
      vertex  3.134482e+01  1.557248e+01  2.000000e+00
      vertex  3.134482e+01  1.557248e+01  7.000000e+00
    endloop
  endfacet
  facet normal -9.286579e-01 -3.709374e-01  -0.000000e+00
    outer loop
      vertex  3.134482e+01  1.557248e+01  7.000000e+00
      vertex  3.134482e+01  1.557248e+01  2.000000e+00
      vertex  3.344770e+01  1.030782e+01  2.000000e+00
    endloop
  endfacet
  facet normal -9.286579e-01 -3.709374e-01  0.000000e+00
    outer loop
      vertex  3.134482e+01  1.557248e+01  7.000000e+00
      vertex  3.344770e+01  1.030782e+01  2.000000e+00
      vertex  3.344770e+01  1.030782e+01  7.000000e+00
    endloop
  endfacet
  facet normal -9.763609e-01 -2.161464e-01  -0.000000e+00
    outer loop
      vertex  3.344770e+01  1.030782e+01  7.000000e+00
      vertex  3.344770e+01  1.030782e+01  2.000000e+00
      vertex  3.467306e+01  4.772727e+00  2.000000e+00
    endloop
  endfacet
  facet normal -9.763609e-01 -2.161464e-01  0.000000e+00
    outer loop
      vertex  3.344770e+01  1.030782e+01  7.000000e+00
      vertex  3.467306e+01  4.772727e+00  2.000000e+00
      vertex  3.467306e+01  4.772727e+00  7.000000e+00
    endloop
  endfacet
  facet normal  9.597746e-01 -2.807718e-01  0.000000e+00
    outer loop
      vertex  2.815330e+00  3.376965e+01  2.000000e+00
      vertex  2.500000e+00  3.269174e+01  7.000000e+00
      vertex  2.500000e+00  3.269174e+01  2.000000e+00
    endloop
  endfacet
  facet normal  9.597746e-01 -2.807718e-01  0.000000e+00
    outer loop
      vertex  2.500000e+00  3.269174e+01  7.000000e+00
      vertex  2.815330e+00  3.376965e+01  2.000000e+00
      vertex  2.815330e+00  3.376965e+01  7.000000e+00
    endloop
  endfacet
  facet normal  6.571301e-01 -7.537772e-01  0.000000e+00
    outer loop
      vertex  2.815330e+00  3.376965e+01  7.000000e+00
      vertex  2.815330e+00  3.376965e+01  2.000000e+00
      vertex  3.661888e+00  3.450766e+01  2.000000e+00
    endloop
  endfacet
  facet normal  6.571301e-01 -7.537772e-01  0.000000e+00
    outer loop
      vertex  2.815330e+00  3.376965e+01  7.000000e+00
      vertex  3.661888e+00  3.450766e+01  2.000000e+00
      vertex  3.661888e+00  3.450766e+01  7.000000e+00
    endloop
  endfacet
  facet normal  1.472707e-01 -9.890962e-01  0.000000e+00
    outer loop
      vertex  3.661888e+00  3.450766e+01  7.000000e+00
      vertex  3.661888e+00  3.450766e+01  2.000000e+00
      vertex  4.772727e+00  3.467306e+01  2.000000e+00
    endloop
  endfacet
  facet normal  1.472707e-01 -9.890962e-01  0.000000e+00
    outer loop
      vertex  3.661888e+00  3.450766e+01  7.000000e+00
      vertex  4.772727e+00  3.467306e+01  2.000000e+00
      vertex  4.772727e+00  3.467306e+01  7.000000e+00
    endloop
  endfacet
  facet normal  1.000000e+00  -0.000000e+00  0.000000e+00
    outer loop
      vertex  2.500000e+00  3.269174e+01  7.000000e+00
      vertex  2.500000e+00  1.219631e+01  7.000000e+00
      vertex  2.500000e+00  3.269174e+01  2.000000e+00
    endloop
  endfacet
  facet normal  1.000000e+00  0.000000e+00  0.000000e+00
    outer loop
      vertex  2.500000e+00  3.269174e+01  2.000000e+00
      vertex  2.500000e+00  1.219631e+01  7.000000e+00
      vertex  2.500000e+00  1.219631e+01  2.000000e+00
    endloop
  endfacet
  facet normal  6.113772e-01  7.913393e-01  0.000000e+00
    outer loop
      vertex  3.807692e+00  1.031996e+01  2.000000e+00
      vertex  2.859175e+00  1.105277e+01  2.000000e+00
      vertex  3.807692e+00  1.031996e+01  7.000000e+00
    endloop
  endfacet
  facet normal  6.113772e-01  7.913393e-01  0.000000e+00
    outer loop
      vertex  3.807692e+00  1.031996e+01  7.000000e+00
      vertex  2.859175e+00  1.105277e+01  2.000000e+00
      vertex  2.859175e+00  1.105277e+01  7.000000e+00
    endloop
  endfacet
  facet normal  9.540473e-01  2.996558e-01  0.000000e+00
    outer loop
      vertex  2.859175e+00  1.105277e+01  2.000000e+00
      vertex  2.500000e+00  1.219631e+01  2.000000e+00
      vertex  2.859175e+00  1.105277e+01  7.000000e+00
    endloop
  endfacet
  facet normal  9.540473e-01  2.996558e-01  0.000000e+00
    outer loop
      vertex  2.859175e+00  1.105277e+01  7.000000e+00
      vertex  2.500000e+00  1.219631e+01  2.000000e+00
      vertex  2.500000e+00  1.219631e+01  7.000000e+00
    endloop
  endfacet
  facet normal  4.771820e-01  8.788046e-01  0.000000e+00
    outer loop
      vertex  3.807692e+00  1.031996e+01  2.000000e+00
      vertex  3.807692e+00  1.031996e+01  7.000000e+00
      vertex  6.581686e+00  8.813705e+00  2.000000e+00
    endloop
  endfacet
  facet normal  4.771820e-01  8.788046e-01  -0.000000e+00
    outer loop
      vertex  6.581686e+00  8.813705e+00  2.000000e+00
      vertex  3.807692e+00  1.031996e+01  7.000000e+00
      vertex  6.581686e+00  8.813705e+00  7.000000e+00
    endloop
  endfacet
  facet normal  7.071068e-01  7.071068e-01  0.000000e+00
    outer loop
      vertex  6.581686e+00  8.813705e+00  2.000000e+00
      vertex  6.581686e+00  8.813705e+00  7.000000e+00
      vertex  8.813705e+00  6.581686e+00  2.000000e+00
    endloop
  endfacet
  facet normal  7.071068e-01  7.071068e-01  -0.000000e+00
    outer loop
      vertex  8.813705e+00  6.581686e+00  2.000000e+00
      vertex  6.581686e+00  8.813705e+00  7.000000e+00
      vertex  8.813705e+00  6.581686e+00  7.000000e+00
    endloop
  endfacet
  facet normal  8.788046e-01  4.771820e-01  0.000000e+00
    outer loop
      vertex  8.813705e+00  6.581686e+00  2.000000e+00
      vertex  8.813705e+00  6.581686e+00  7.000000e+00
      vertex  1.031996e+01  3.807692e+00  2.000000e+00
    endloop
  endfacet
  facet normal  8.788046e-01  4.771820e-01  -0.000000e+00
    outer loop
      vertex  1.031996e+01  3.807692e+00  2.000000e+00
      vertex  8.813705e+00  6.581686e+00  7.000000e+00
      vertex  1.031996e+01  3.807692e+00  7.000000e+00
    endloop
  endfacet
  facet normal  7.620507e-01 -6.475174e-01  0.000000e+00
    outer loop
      vertex -2.474874e+01  2.474874e+01  2.000000e+00
      vertex -2.841958e+01  2.042859e+01  7.000000e+00
      vertex -2.841958e+01  2.042859e+01  2.000000e+00
    endloop
  endfacet
  facet normal  8.565910e-01 -5.159961e-01  0.000000e+00
    outer loop
      vertex -2.841958e+01  2.042859e+01  2.000000e+00
      vertex -2.841958e+01  2.042859e+01  7.000000e+00
      vertex -3.134482e+01  1.557248e+01  7.000000e+00
    endloop
  endfacet
  facet normal  8.565910e-01 -5.159961e-01  0.000000e+00
    outer loop
      vertex -2.841958e+01  2.042859e+01  2.000000e+00
      vertex -3.134482e+01  1.557248e+01  7.000000e+00
      vertex -3.134482e+01  1.557248e+01  2.000000e+00
    endloop
  endfacet
  facet normal  9.286579e-01 -3.709374e-01  0.000000e+00
    outer loop
      vertex -3.134482e+01  1.557248e+01  2.000000e+00
      vertex -3.134482e+01  1.557248e+01  7.000000e+00
      vertex -3.344770e+01  1.030782e+01  7.000000e+00
    endloop
  endfacet
  facet normal  9.286579e-01 -3.709374e-01  0.000000e+00
    outer loop
      vertex -3.134482e+01  1.557248e+01  2.000000e+00
      vertex -3.344770e+01  1.030782e+01  7.000000e+00
      vertex -3.344770e+01  1.030782e+01  2.000000e+00
    endloop
  endfacet
  facet normal  9.763609e-01 -2.161464e-01  0.000000e+00
    outer loop
      vertex -3.344770e+01  1.030782e+01  2.000000e+00
      vertex -3.344770e+01  1.030782e+01  7.000000e+00
      vertex -3.467306e+01  4.772727e+00  7.000000e+00
    endloop
  endfacet
  facet normal  9.763609e-01 -2.161464e-01  0.000000e+00
    outer loop
      vertex -3.344770e+01  1.030782e+01  2.000000e+00
      vertex -3.467306e+01  4.772727e+00  7.000000e+00
      vertex -3.467306e+01  4.772727e+00  2.000000e+00
    endloop
  endfacet
  facet normal  7.620507e-01 -6.475174e-01  0.000000e+00
    outer loop
      vertex -2.841958e+01  2.042859e+01  7.000000e+00
      vertex -2.474874e+01  2.474874e+01  2.000000e+00
      vertex -2.474874e+01  2.474874e+01  7.000000e+00
    endloop
  endfacet
  facet normal  6.475174e-01 -7.620507e-01  0.000000e+00
    outer loop
      vertex -2.474874e+01  2.474874e+01  7.000000e+00
      vertex -2.474874e+01  2.474874e+01  2.000000e+00
      vertex -2.042859e+01  2.841958e+01  2.000000e+00
    endloop
  endfacet
  facet normal  6.475174e-01 -7.620507e-01  0.000000e+00
    outer loop
      vertex -2.474874e+01  2.474874e+01  7.000000e+00
      vertex -2.042859e+01  2.841958e+01  2.000000e+00
      vertex -2.042859e+01  2.841958e+01  7.000000e+00
    endloop
  endfacet
  facet normal  5.159961e-01 -8.565910e-01  0.000000e+00
    outer loop
      vertex -2.042859e+01  2.841958e+01  7.000000e+00
      vertex -2.042859e+01  2.841958e+01  2.000000e+00
      vertex -1.557248e+01  3.134482e+01  2.000000e+00
    endloop
  endfacet
  facet normal  5.159961e-01 -8.565910e-01  0.000000e+00
    outer loop
      vertex -2.042859e+01  2.841958e+01  7.000000e+00
      vertex -1.557248e+01  3.134482e+01  2.000000e+00
      vertex -1.557248e+01  3.134482e+01  7.000000e+00
    endloop
  endfacet
  facet normal  3.709374e-01 -9.286579e-01  0.000000e+00
    outer loop
      vertex -1.557248e+01  3.134482e+01  7.000000e+00
      vertex -1.557248e+01  3.134482e+01  2.000000e+00
      vertex -1.030782e+01  3.344770e+01  2.000000e+00
    endloop
  endfacet
  facet normal  3.709374e-01 -9.286579e-01  0.000000e+00
    outer loop
      vertex -1.557248e+01  3.134482e+01  7.000000e+00
      vertex -1.030782e+01  3.344770e+01  2.000000e+00
      vertex -1.030782e+01  3.344770e+01  7.000000e+00
    endloop
  endfacet
  facet normal  2.161464e-01 -9.763609e-01  0.000000e+00
    outer loop
      vertex -1.030782e+01  3.344770e+01  7.000000e+00
      vertex -1.030782e+01  3.344770e+01  2.000000e+00
      vertex -4.772727e+00  3.467306e+01  2.000000e+00
    endloop
  endfacet
  facet normal  2.161464e-01 -9.763609e-01  0.000000e+00
    outer loop
      vertex -1.030782e+01  3.344770e+01  7.000000e+00
      vertex -4.772727e+00  3.467306e+01  2.000000e+00
      vertex -4.772727e+00  3.467306e+01  7.000000e+00
    endloop
  endfacet
  facet normal  2.807718e-01  9.597746e-01  0.000000e+00
    outer loop
      vertex -3.376965e+01  2.815330e+00  2.000000e+00
      vertex -3.269174e+01  2.500000e+00  7.000000e+00
      vertex -3.269174e+01  2.500000e+00  2.000000e+00
    endloop
  endfacet
  facet normal  2.807718e-01  9.597746e-01  -0.000000e+00
    outer loop
      vertex -3.269174e+01  2.500000e+00  7.000000e+00
      vertex -3.376965e+01  2.815330e+00  2.000000e+00
      vertex -3.376965e+01  2.815330e+00  7.000000e+00
    endloop
  endfacet
  facet normal  7.537772e-01  6.571301e-01  0.000000e+00
    outer loop
      vertex -3.376965e+01  2.815330e+00  7.000000e+00
      vertex -3.376965e+01  2.815330e+00  2.000000e+00
      vertex -3.450766e+01  3.661888e+00  2.000000e+00
    endloop
  endfacet
  facet normal  7.537772e-01  6.571301e-01  -0.000000e+00
    outer loop
      vertex -3.376965e+01  2.815330e+00  7.000000e+00
      vertex -3.450766e+01  3.661888e+00  2.000000e+00
      vertex -3.450766e+01  3.661888e+00  7.000000e+00
    endloop
  endfacet
  facet normal  9.890962e-01  1.472707e-01  0.000000e+00
    outer loop
      vertex -3.450766e+01  3.661888e+00  7.000000e+00
      vertex -3.450766e+01  3.661888e+00  2.000000e+00
      vertex -3.467306e+01  4.772727e+00  2.000000e+00
    endloop
  endfacet
  facet normal  9.890962e-01  1.472707e-01  -0.000000e+00
    outer loop
      vertex -3.450766e+01  3.661888e+00  7.000000e+00
      vertex -3.467306e+01  4.772727e+00  2.000000e+00
      vertex -3.467306e+01  4.772727e+00  7.000000e+00
    endloop
  endfacet
  facet normal  0.000000e+00  1.000000e+00  -0.000000e+00
    outer loop
      vertex -1.219631e+01  2.500000e+00  7.000000e+00
      vertex -1.219631e+01  2.500000e+00  2.000000e+00
      vertex -3.269174e+01  2.500000e+00  7.000000e+00
    endloop
  endfacet
  facet normal  0.000000e+00  1.000000e+00  0.000000e+00
    outer loop
      vertex -3.269174e+01  2.500000e+00  7.000000e+00
      vertex -1.219631e+01  2.500000e+00  2.000000e+00
      vertex -3.269174e+01  2.500000e+00  2.000000e+00
    endloop
  endfacet
  facet normal -7.913393e-01  6.113772e-01  0.000000e+00
    outer loop
      vertex -1.031996e+01  3.807692e+00  2.000000e+00
      vertex -1.105277e+01  2.859175e+00  2.000000e+00
      vertex -1.031996e+01  3.807692e+00  7.000000e+00
    endloop
  endfacet
  facet normal -7.913393e-01  6.113772e-01  0.000000e+00
    outer loop
      vertex -1.031996e+01  3.807692e+00  7.000000e+00
      vertex -1.105277e+01  2.859175e+00  2.000000e+00
      vertex -1.105277e+01  2.859175e+00  7.000000e+00
    endloop
  endfacet
  facet normal -2.996558e-01  9.540473e-01  0.000000e+00
    outer loop
      vertex -1.105277e+01  2.859175e+00  2.000000e+00
      vertex -1.219631e+01  2.500000e+00  2.000000e+00
      vertex -1.105277e+01  2.859175e+00  7.000000e+00
    endloop
  endfacet
  facet normal -2.996558e-01  9.540473e-01  0.000000e+00
    outer loop
      vertex -1.105277e+01  2.859175e+00  7.000000e+00
      vertex -1.219631e+01  2.500000e+00  2.000000e+00
      vertex -1.219631e+01  2.500000e+00  7.000000e+00
    endloop
  endfacet
  facet normal -8.788046e-01  4.771820e-01  0.000000e+00
    outer loop
      vertex -1.031996e+01  3.807692e+00  2.000000e+00
      vertex -1.031996e+01  3.807692e+00  7.000000e+00
      vertex -8.813705e+00  6.581686e+00  2.000000e+00
    endloop
  endfacet
  facet normal -8.788046e-01  4.771820e-01  0.000000e+00
    outer loop
      vertex -8.813705e+00  6.581686e+00  2.000000e+00
      vertex -1.031996e+01  3.807692e+00  7.000000e+00
      vertex -8.813705e+00  6.581686e+00  7.000000e+00
    endloop
  endfacet
  facet normal -7.071068e-01  7.071068e-01  0.000000e+00
    outer loop
      vertex -8.813705e+00  6.581686e+00  2.000000e+00
      vertex -8.813705e+00  6.581686e+00  7.000000e+00
      vertex -6.581686e+00  8.813705e+00  2.000000e+00
    endloop
  endfacet
  facet normal -7.071068e-01  7.071068e-01  0.000000e+00
    outer loop
      vertex -6.581686e+00  8.813705e+00  2.000000e+00
      vertex -8.813705e+00  6.581686e+00  7.000000e+00
      vertex -6.581686e+00  8.813705e+00  7.000000e+00
    endloop
  endfacet
  facet normal -4.771820e-01  8.788046e-01  0.000000e+00
    outer loop
      vertex -6.581686e+00  8.813705e+00  2.000000e+00
      vertex -6.581686e+00  8.813705e+00  7.000000e+00
      vertex -3.807692e+00  1.031996e+01  2.000000e+00
    endloop
  endfacet
  facet normal -4.771820e-01  8.788046e-01  0.000000e+00
    outer loop
      vertex -3.807692e+00  1.031996e+01  2.000000e+00
      vertex -6.581686e+00  8.813705e+00  7.000000e+00
      vertex -3.807692e+00  1.031996e+01  7.000000e+00
    endloop
  endfacet
  facet normal -9.540473e-01  2.996558e-01  0.000000e+00
    outer loop
      vertex -2.500000e+00  1.219631e+01  2.000000e+00
      vertex -2.859175e+00  1.105277e+01  2.000000e+00
      vertex -2.500000e+00  1.219631e+01  7.000000e+00
    endloop
  endfacet
  facet normal -9.540473e-01  2.996558e-01  0.000000e+00
    outer loop
      vertex -2.500000e+00  1.219631e+01  7.000000e+00
      vertex -2.859175e+00  1.105277e+01  2.000000e+00
      vertex -2.859175e+00  1.105277e+01  7.000000e+00
    endloop
  endfacet
  facet normal -6.113772e-01  7.913393e-01  0.000000e+00
    outer loop
      vertex -2.859175e+00  1.105277e+01  2.000000e+00
      vertex -3.807692e+00  1.031996e+01  2.000000e+00
      vertex -2.859175e+00  1.105277e+01  7.000000e+00
    endloop
  endfacet
  facet normal -6.113772e-01  7.913393e-01  0.000000e+00
    outer loop
      vertex -2.859175e+00  1.105277e+01  7.000000e+00
      vertex -3.807692e+00  1.031996e+01  2.000000e+00
      vertex -3.807692e+00  1.031996e+01  7.000000e+00
    endloop
  endfacet
  facet normal -1.000000e+00  0.000000e+00  0.000000e+00
    outer loop
      vertex -2.500000e+00  3.269174e+01  7.000000e+00
      vertex -2.500000e+00  3.269174e+01  2.000000e+00
      vertex -2.500000e+00  1.219631e+01  7.000000e+00
    endloop
  endfacet
  facet normal -1.000000e+00  0.000000e+00  0.000000e+00
    outer loop
      vertex -2.500000e+00  1.219631e+01  7.000000e+00
      vertex -2.500000e+00  3.269174e+01  2.000000e+00
      vertex -2.500000e+00  1.219631e+01  2.000000e+00
    endloop
  endfacet
  facet normal -1.472707e-01 -9.890962e-01  -0.000000e+00
    outer loop
      vertex -3.661888e+00  3.450766e+01  2.000000e+00
      vertex -4.772727e+00  3.467306e+01  7.000000e+00
      vertex -4.772727e+00  3.467306e+01  2.000000e+00
    endloop
  endfacet
  facet normal -1.472707e-01 -9.890962e-01  0.000000e+00
    outer loop
      vertex -4.772727e+00  3.467306e+01  7.000000e+00
      vertex -3.661888e+00  3.450766e+01  2.000000e+00
      vertex -3.661888e+00  3.450766e+01  7.000000e+00
    endloop
  endfacet
  facet normal -6.571301e-01 -7.537772e-01  -0.000000e+00
    outer loop
      vertex -3.661888e+00  3.450766e+01  7.000000e+00
      vertex -3.661888e+00  3.450766e+01  2.000000e+00
      vertex -2.815330e+00  3.376965e+01  2.000000e+00
    endloop
  endfacet
  facet normal -6.571301e-01 -7.537772e-01  0.000000e+00
    outer loop
      vertex -3.661888e+00  3.450766e+01  7.000000e+00
      vertex -2.815330e+00  3.376965e+01  2.000000e+00
      vertex -2.815330e+00  3.376965e+01  7.000000e+00
    endloop
  endfacet
  facet normal -9.597746e-01 -2.807718e-01  -0.000000e+00
    outer loop
      vertex -2.815330e+00  3.376965e+01  7.000000e+00
      vertex -2.815330e+00  3.376965e+01  2.000000e+00
      vertex -2.500000e+00  3.269174e+01  2.000000e+00
    endloop
  endfacet
  facet normal -9.597746e-01 -2.807718e-01  0.000000e+00
    outer loop
      vertex -2.815330e+00  3.376965e+01  7.000000e+00
      vertex -2.500000e+00  3.269174e+01  2.000000e+00
      vertex -2.500000e+00  3.269174e+01  7.000000e+00
    endloop
  endfacet
  facet normal  3.826833e-01 -9.238796e-01  0.000000e+00
    outer loop
      vertex  9.184851e-17 -6.500000e+00  2.000000e+00
      vertex -1.060660e+00 -6.939340e+00  7.000000e+00
      vertex -1.060660e+00 -6.939340e+00  2.000000e+00
    endloop
  endfacet
  facet normal  9.238795e-01 -3.826834e-01  0.000000e+00
    outer loop
      vertex -1.060660e+00 -6.939340e+00  2.000000e+00
      vertex -1.060660e+00 -6.939340e+00  7.000000e+00
      vertex -1.500000e+00 -8.000000e+00  7.000000e+00
    endloop
  endfacet
  facet normal  9.238795e-01 -3.826834e-01  0.000000e+00
    outer loop
      vertex -1.060660e+00 -6.939340e+00  2.000000e+00
      vertex -1.500000e+00 -8.000000e+00  7.000000e+00
      vertex -1.500000e+00 -8.000000e+00  2.000000e+00
    endloop
  endfacet
  facet normal  3.826833e-01 -9.238796e-01  0.000000e+00
    outer loop
      vertex -1.060660e+00 -6.939340e+00  7.000000e+00
      vertex  9.184851e-17 -6.500000e+00  2.000000e+00
      vertex  9.184851e-17 -6.500000e+00  7.000000e+00
    endloop
  endfacet
  facet normal -3.826833e-01 -9.238796e-01  -0.000000e+00
    outer loop
      vertex  9.184851e-17 -6.500000e+00  7.000000e+00
      vertex  9.184851e-17 -6.500000e+00  2.000000e+00
      vertex  1.060660e+00 -6.939340e+00  2.000000e+00
    endloop
  endfacet
  facet normal -3.826833e-01 -9.238796e-01  0.000000e+00
    outer loop
      vertex  9.184851e-17 -6.500000e+00  7.000000e+00
      vertex  1.060660e+00 -6.939340e+00  2.000000e+00
      vertex  1.060660e+00 -6.939340e+00  7.000000e+00
    endloop
  endfacet
  facet normal -9.238795e-01 -3.826834e-01  -0.000000e+00
    outer loop
      vertex  1.060660e+00 -6.939340e+00  7.000000e+00
      vertex  1.060660e+00 -6.939340e+00  2.000000e+00
      vertex  1.500000e+00 -8.000000e+00  2.000000e+00
    endloop
  endfacet
  facet normal -9.238795e-01 -3.826834e-01  0.000000e+00
    outer loop
      vertex  1.060660e+00 -6.939340e+00  7.000000e+00
      vertex  1.500000e+00 -8.000000e+00  2.000000e+00
      vertex  1.500000e+00 -8.000000e+00  7.000000e+00
    endloop
  endfacet
  facet normal -3.826833e-01  9.238796e-01  0.000000e+00
    outer loop
      vertex -2.755455e-16 -9.500000e+00  2.000000e+00
      vertex  1.060660e+00 -9.060660e+00  7.000000e+00
      vertex  1.060660e+00 -9.060660e+00  2.000000e+00
    endloop
  endfacet
  facet normal -9.238795e-01  3.826834e-01  0.000000e+00
    outer loop
      vertex  1.060660e+00 -9.060660e+00  2.000000e+00
      vertex  1.060660e+00 -9.060660e+00  7.000000e+00
      vertex  1.500000e+00 -8.000000e+00  7.000000e+00
    endloop
  endfacet
  facet normal -9.238795e-01  3.826834e-01  0.000000e+00
    outer loop
      vertex  1.060660e+00 -9.060660e+00  2.000000e+00
      vertex  1.500000e+00 -8.000000e+00  7.000000e+00
      vertex  1.500000e+00 -8.000000e+00  2.000000e+00
    endloop
  endfacet
  facet normal -3.826833e-01  9.238796e-01  0.000000e+00
    outer loop
      vertex  1.060660e+00 -9.060660e+00  7.000000e+00
      vertex -2.755455e-16 -9.500000e+00  2.000000e+00
      vertex -2.755455e-16 -9.500000e+00  7.000000e+00
    endloop
  endfacet
  facet normal  3.826833e-01  9.238796e-01  0.000000e+00
    outer loop
      vertex -2.755455e-16 -9.500000e+00  7.000000e+00
      vertex -2.755455e-16 -9.500000e+00  2.000000e+00
      vertex -1.060660e+00 -9.060660e+00  2.000000e+00
    endloop
  endfacet
  facet normal  3.826833e-01  9.238796e-01  -0.000000e+00
    outer loop
      vertex -2.755455e-16 -9.500000e+00  7.000000e+00
      vertex -1.060660e+00 -9.060660e+00  2.000000e+00
      vertex -1.060660e+00 -9.060660e+00  7.000000e+00
    endloop
  endfacet
  facet normal  9.238795e-01  3.826834e-01  0.000000e+00
    outer loop
      vertex -1.060660e+00 -9.060660e+00  7.000000e+00
      vertex -1.060660e+00 -9.060660e+00  2.000000e+00
      vertex -1.500000e+00 -8.000000e+00  2.000000e+00
    endloop
  endfacet
  facet normal  9.238795e-01  3.826834e-01  -0.000000e+00
    outer loop
      vertex -1.060660e+00 -9.060660e+00  7.000000e+00
      vertex -1.500000e+00 -8.000000e+00  2.000000e+00
      vertex -1.500000e+00 -8.000000e+00  7.000000e+00
    endloop
  endfacet
  facet normal  3.826834e-01 -9.238795e-01  0.000000e+00
    outer loop
      vertex -8.000000e+00  1.500000e+00  2.000000e+00
      vertex -9.060660e+00  1.060660e+00  7.000000e+00
      vertex -9.060660e+00  1.060660e+00  2.000000e+00
    endloop
  endfacet
  facet normal  9.238796e-01 -3.826833e-01  0.000000e+00
    outer loop
      vertex -9.060660e+00  1.060660e+00  2.000000e+00
      vertex -9.060660e+00  1.060660e+00  7.000000e+00
      vertex -9.500000e+00  1.836970e-16  7.000000e+00
    endloop
  endfacet
  facet normal  9.238796e-01 -3.826833e-01  0.000000e+00
    outer loop
      vertex -9.060660e+00  1.060660e+00  2.000000e+00
      vertex -9.500000e+00  1.836970e-16  7.000000e+00
      vertex -9.500000e+00  1.836970e-16  2.000000e+00
    endloop
  endfacet
  facet normal  3.826834e-01 -9.238795e-01  0.000000e+00
    outer loop
      vertex -9.060660e+00  1.060660e+00  7.000000e+00
      vertex -8.000000e+00  1.500000e+00  2.000000e+00
      vertex -8.000000e+00  1.500000e+00  7.000000e+00
    endloop
  endfacet
  facet normal -3.826834e-01 -9.238795e-01  -0.000000e+00
    outer loop
      vertex -8.000000e+00  1.500000e+00  7.000000e+00
      vertex -8.000000e+00  1.500000e+00  2.000000e+00
      vertex -6.939340e+00  1.060660e+00  2.000000e+00
    endloop
  endfacet
  facet normal -3.826834e-01 -9.238795e-01  0.000000e+00
    outer loop
      vertex -8.000000e+00  1.500000e+00  7.000000e+00
      vertex -6.939340e+00  1.060660e+00  2.000000e+00
      vertex -6.939340e+00  1.060660e+00  7.000000e+00
    endloop
  endfacet
  facet normal -9.238796e-01 -3.826833e-01  -0.000000e+00
    outer loop
      vertex -6.939340e+00  1.060660e+00  7.000000e+00
      vertex -6.939340e+00  1.060660e+00  2.000000e+00
      vertex -6.500000e+00  0.000000e+00  2.000000e+00
    endloop
  endfacet
  facet normal -9.238796e-01 -3.826833e-01  0.000000e+00
    outer loop
      vertex -6.939340e+00  1.060660e+00  7.000000e+00
      vertex -6.500000e+00  0.000000e+00  2.000000e+00
      vertex -6.500000e+00  0.000000e+00  7.000000e+00
    endloop
  endfacet
  facet normal -3.826834e-01  9.238795e-01  0.000000e+00
    outer loop
      vertex -8.000000e+00 -1.500000e+00  2.000000e+00
      vertex -6.939340e+00 -1.060660e+00  7.000000e+00
      vertex -6.939340e+00 -1.060660e+00  2.000000e+00
    endloop
  endfacet
  facet normal -9.238796e-01  3.826833e-01  0.000000e+00
    outer loop
      vertex -6.939340e+00 -1.060660e+00  2.000000e+00
      vertex -6.939340e+00 -1.060660e+00  7.000000e+00
      vertex -6.500000e+00  0.000000e+00  7.000000e+00
    endloop
  endfacet
  facet normal -9.238796e-01  3.826833e-01  0.000000e+00
    outer loop
      vertex -6.939340e+00 -1.060660e+00  2.000000e+00
      vertex -6.500000e+00  0.000000e+00  7.000000e+00
      vertex -6.500000e+00  0.000000e+00  2.000000e+00
    endloop
  endfacet
  facet normal -3.826834e-01  9.238795e-01  0.000000e+00
    outer loop
      vertex -6.939340e+00 -1.060660e+00  7.000000e+00
      vertex -8.000000e+00 -1.500000e+00  2.000000e+00
      vertex -8.000000e+00 -1.500000e+00  7.000000e+00
    endloop
  endfacet
  facet normal  3.826834e-01  9.238795e-01  0.000000e+00
    outer loop
      vertex -8.000000e+00 -1.500000e+00  7.000000e+00
      vertex -8.000000e+00 -1.500000e+00  2.000000e+00
      vertex -9.060660e+00 -1.060660e+00  2.000000e+00
    endloop
  endfacet
  facet normal  3.826834e-01  9.238795e-01  -0.000000e+00
    outer loop
      vertex -8.000000e+00 -1.500000e+00  7.000000e+00
      vertex -9.060660e+00 -1.060660e+00  2.000000e+00
      vertex -9.060660e+00 -1.060660e+00  7.000000e+00
    endloop
  endfacet
  facet normal  9.238796e-01  3.826833e-01  0.000000e+00
    outer loop
      vertex -9.060660e+00 -1.060660e+00  7.000000e+00
      vertex -9.060660e+00 -1.060660e+00  2.000000e+00
      vertex -9.500000e+00  1.836970e-16  2.000000e+00
    endloop
  endfacet
  facet normal  9.238796e-01  3.826833e-01  -0.000000e+00
    outer loop
      vertex -9.060660e+00 -1.060660e+00  7.000000e+00
      vertex -9.500000e+00  1.836970e-16  2.000000e+00
      vertex -9.500000e+00  1.836970e-16  7.000000e+00
    endloop
  endfacet
  facet normal  3.826833e-01 -9.238796e-01  0.000000e+00
    outer loop
      vertex  9.184851e-17  9.500000e+00  2.000000e+00
      vertex -1.060660e+00  9.060660e+00  7.000000e+00
      vertex -1.060660e+00  9.060660e+00  2.000000e+00
    endloop
  endfacet
  facet normal  9.238795e-01 -3.826834e-01  0.000000e+00
    outer loop
      vertex -1.060660e+00  9.060660e+00  2.000000e+00
      vertex -1.060660e+00  9.060660e+00  7.000000e+00
      vertex -1.500000e+00  8.000000e+00  7.000000e+00
    endloop
  endfacet
  facet normal  9.238795e-01 -3.826834e-01  0.000000e+00
    outer loop
      vertex -1.060660e+00  9.060660e+00  2.000000e+00
      vertex -1.500000e+00  8.000000e+00  7.000000e+00
      vertex -1.500000e+00  8.000000e+00  2.000000e+00
    endloop
  endfacet
  facet normal  3.826833e-01 -9.238796e-01  0.000000e+00
    outer loop
      vertex -1.060660e+00  9.060660e+00  7.000000e+00
      vertex  9.184851e-17  9.500000e+00  2.000000e+00
      vertex  9.184851e-17  9.500000e+00  7.000000e+00
    endloop
  endfacet
  facet normal -3.826833e-01 -9.238796e-01  -0.000000e+00
    outer loop
      vertex  9.184851e-17  9.500000e+00  7.000000e+00
      vertex  9.184851e-17  9.500000e+00  2.000000e+00
      vertex  1.060660e+00  9.060660e+00  2.000000e+00
    endloop
  endfacet
  facet normal -3.826833e-01 -9.238796e-01  0.000000e+00
    outer loop
      vertex  9.184851e-17  9.500000e+00  7.000000e+00
      vertex  1.060660e+00  9.060660e+00  2.000000e+00
      vertex  1.060660e+00  9.060660e+00  7.000000e+00
    endloop
  endfacet
  facet normal -9.238795e-01 -3.826834e-01  -0.000000e+00
    outer loop
      vertex  1.060660e+00  9.060660e+00  7.000000e+00
      vertex  1.060660e+00  9.060660e+00  2.000000e+00
      vertex  1.500000e+00  8.000000e+00  2.000000e+00
    endloop
  endfacet
  facet normal -9.238795e-01 -3.826834e-01  0.000000e+00
    outer loop
      vertex  1.060660e+00  9.060660e+00  7.000000e+00
      vertex  1.500000e+00  8.000000e+00  2.000000e+00
      vertex  1.500000e+00  8.000000e+00  7.000000e+00
    endloop
  endfacet
  facet normal -3.826833e-01  9.238796e-01  0.000000e+00
    outer loop
      vertex -2.755455e-16  6.500000e+00  2.000000e+00
      vertex  1.060660e+00  6.939340e+00  7.000000e+00
      vertex  1.060660e+00  6.939340e+00  2.000000e+00
    endloop
  endfacet
  facet normal -9.238795e-01  3.826834e-01  0.000000e+00
    outer loop
      vertex  1.060660e+00  6.939340e+00  2.000000e+00
      vertex  1.060660e+00  6.939340e+00  7.000000e+00
      vertex  1.500000e+00  8.000000e+00  7.000000e+00
    endloop
  endfacet
  facet normal -9.238795e-01  3.826834e-01  0.000000e+00
    outer loop
      vertex  1.060660e+00  6.939340e+00  2.000000e+00
      vertex  1.500000e+00  8.000000e+00  7.000000e+00
      vertex  1.500000e+00  8.000000e+00  2.000000e+00
    endloop
  endfacet
  facet normal -3.826833e-01  9.238796e-01  0.000000e+00
    outer loop
      vertex  1.060660e+00  6.939340e+00  7.000000e+00
      vertex -2.755455e-16  6.500000e+00  2.000000e+00
      vertex -2.755455e-16  6.500000e+00  7.000000e+00
    endloop
  endfacet
  facet normal  3.826833e-01  9.238796e-01  0.000000e+00
    outer loop
      vertex -2.755455e-16  6.500000e+00  7.000000e+00
      vertex -2.755455e-16  6.500000e+00  2.000000e+00
      vertex -1.060660e+00  6.939340e+00  2.000000e+00
    endloop
  endfacet
  facet normal  3.826833e-01  9.238796e-01  -0.000000e+00
    outer loop
      vertex -2.755455e-16  6.500000e+00  7.000000e+00
      vertex -1.060660e+00  6.939340e+00  2.000000e+00
      vertex -1.060660e+00  6.939340e+00  7.000000e+00
    endloop
  endfacet
  facet normal  9.238795e-01  3.826834e-01  0.000000e+00
    outer loop
      vertex -1.060660e+00  6.939340e+00  7.000000e+00
      vertex -1.060660e+00  6.939340e+00  2.000000e+00
      vertex -1.500000e+00  8.000000e+00  2.000000e+00
    endloop
  endfacet
  facet normal  9.238795e-01  3.826834e-01  -0.000000e+00
    outer loop
      vertex -1.060660e+00  6.939340e+00  7.000000e+00
      vertex -1.500000e+00  8.000000e+00  2.000000e+00
      vertex -1.500000e+00  8.000000e+00  7.000000e+00
    endloop
  endfacet
  facet normal  3.826834e-01 -9.238795e-01  0.000000e+00
    outer loop
      vertex  8.000000e+00  1.500000e+00  2.000000e+00
      vertex  6.939340e+00  1.060660e+00  7.000000e+00
      vertex  6.939340e+00  1.060660e+00  2.000000e+00
    endloop
  endfacet
  facet normal  9.238796e-01 -3.826833e-01  0.000000e+00
    outer loop
      vertex  6.939340e+00  1.060660e+00  2.000000e+00
      vertex  6.939340e+00  1.060660e+00  7.000000e+00
      vertex  6.500000e+00  1.836970e-16  7.000000e+00
    endloop
  endfacet
  facet normal  9.238796e-01 -3.826833e-01  0.000000e+00
    outer loop
      vertex  6.939340e+00  1.060660e+00  2.000000e+00
      vertex  6.500000e+00  1.836970e-16  7.000000e+00
      vertex  6.500000e+00  1.836970e-16  2.000000e+00
    endloop
  endfacet
  facet normal  3.826834e-01 -9.238795e-01  0.000000e+00
    outer loop
      vertex  6.939340e+00  1.060660e+00  7.000000e+00
      vertex  8.000000e+00  1.500000e+00  2.000000e+00
      vertex  8.000000e+00  1.500000e+00  7.000000e+00
    endloop
  endfacet
  facet normal -3.826834e-01 -9.238795e-01  -0.000000e+00
    outer loop
      vertex  8.000000e+00  1.500000e+00  7.000000e+00
      vertex  8.000000e+00  1.500000e+00  2.000000e+00
      vertex  9.060660e+00  1.060660e+00  2.000000e+00
    endloop
  endfacet
  facet normal -3.826834e-01 -9.238795e-01  0.000000e+00
    outer loop
      vertex  8.000000e+00  1.500000e+00  7.000000e+00
      vertex  9.060660e+00  1.060660e+00  2.000000e+00
      vertex  9.060660e+00  1.060660e+00  7.000000e+00
    endloop
  endfacet
  facet normal -9.238796e-01 -3.826833e-01  -0.000000e+00
    outer loop
      vertex  9.060660e+00  1.060660e+00  7.000000e+00
      vertex  9.060660e+00  1.060660e+00  2.000000e+00
      vertex  9.500000e+00  0.000000e+00  2.000000e+00
    endloop
  endfacet
  facet normal -9.238796e-01 -3.826833e-01  0.000000e+00
    outer loop
      vertex  9.060660e+00  1.060660e+00  7.000000e+00
      vertex  9.500000e+00  0.000000e+00  2.000000e+00
      vertex  9.500000e+00  0.000000e+00  7.000000e+00
    endloop
  endfacet
  facet normal -3.826834e-01  9.238795e-01  0.000000e+00
    outer loop
      vertex  8.000000e+00 -1.500000e+00  2.000000e+00
      vertex  9.060660e+00 -1.060660e+00  7.000000e+00
      vertex  9.060660e+00 -1.060660e+00  2.000000e+00
    endloop
  endfacet
  facet normal -9.238796e-01  3.826833e-01  0.000000e+00
    outer loop
      vertex  9.060660e+00 -1.060660e+00  2.000000e+00
      vertex  9.060660e+00 -1.060660e+00  7.000000e+00
      vertex  9.500000e+00  0.000000e+00  7.000000e+00
    endloop
  endfacet
  facet normal -9.238796e-01  3.826833e-01  0.000000e+00
    outer loop
      vertex  9.060660e+00 -1.060660e+00  2.000000e+00
      vertex  9.500000e+00  0.000000e+00  7.000000e+00
      vertex  9.500000e+00  0.000000e+00  2.000000e+00
    endloop
  endfacet
  facet normal -3.826834e-01  9.238795e-01  0.000000e+00
    outer loop
      vertex  9.060660e+00 -1.060660e+00  7.000000e+00
      vertex  8.000000e+00 -1.500000e+00  2.000000e+00
      vertex  8.000000e+00 -1.500000e+00  7.000000e+00
    endloop
  endfacet
  facet normal  3.826834e-01  9.238795e-01  0.000000e+00
    outer loop
      vertex  8.000000e+00 -1.500000e+00  7.000000e+00
      vertex  8.000000e+00 -1.500000e+00  2.000000e+00
      vertex  6.939340e+00 -1.060660e+00  2.000000e+00
    endloop
  endfacet
  facet normal  3.826834e-01  9.238795e-01  -0.000000e+00
    outer loop
      vertex  8.000000e+00 -1.500000e+00  7.000000e+00
      vertex  6.939340e+00 -1.060660e+00  2.000000e+00
      vertex  6.939340e+00 -1.060660e+00  7.000000e+00
    endloop
  endfacet
  facet normal  9.238796e-01  3.826833e-01  0.000000e+00
    outer loop
      vertex  6.939340e+00 -1.060660e+00  7.000000e+00
      vertex  6.939340e+00 -1.060660e+00  2.000000e+00
      vertex  6.500000e+00  1.836970e-16  2.000000e+00
    endloop
  endfacet
  facet normal  9.238796e-01  3.826833e-01  -0.000000e+00
    outer loop
      vertex  6.939340e+00 -1.060660e+00  7.000000e+00
      vertex  6.500000e+00  1.836970e-16  2.000000e+00
      vertex  6.500000e+00  1.836970e-16  7.000000e+00
    endloop
  endfacet
  facet normal  1.950903e-01 -9.807853e-01  0.000000e+00
    outer loop
      vertex  3.061617e-16  5.000000e+00  2.000000e+00
      vertex -1.913417e+00  4.619398e+00  7.000000e+00
      vertex -1.913417e+00  4.619398e+00  2.000000e+00
    endloop
  endfacet
  facet normal  5.555702e-01 -8.314696e-01  0.000000e+00
    outer loop
      vertex -1.913417e+00  4.619398e+00  2.000000e+00
      vertex -1.913417e+00  4.619398e+00  7.000000e+00
      vertex -3.535534e+00  3.535534e+00  7.000000e+00
    endloop
  endfacet
  facet normal  5.555702e-01 -8.314696e-01  0.000000e+00
    outer loop
      vertex -1.913417e+00  4.619398e+00  2.000000e+00
      vertex -3.535534e+00  3.535534e+00  7.000000e+00
      vertex -3.535534e+00  3.535534e+00  2.000000e+00
    endloop
  endfacet
  facet normal  8.314696e-01 -5.555702e-01  0.000000e+00
    outer loop
      vertex -3.535534e+00  3.535534e+00  2.000000e+00
      vertex -3.535534e+00  3.535534e+00  7.000000e+00
      vertex -4.619398e+00  1.913417e+00  7.000000e+00
    endloop
  endfacet
  facet normal  8.314696e-01 -5.555702e-01  0.000000e+00
    outer loop
      vertex -3.535534e+00  3.535534e+00  2.000000e+00
      vertex -4.619398e+00  1.913417e+00  7.000000e+00
      vertex -4.619398e+00  1.913417e+00  2.000000e+00
    endloop
  endfacet
  facet normal  9.807853e-01 -1.950903e-01  0.000000e+00
    outer loop
      vertex -4.619398e+00  1.913417e+00  2.000000e+00
      vertex -4.619398e+00  1.913417e+00  7.000000e+00
      vertex -5.000000e+00  6.123234e-16  7.000000e+00
    endloop
  endfacet
  facet normal  9.807853e-01 -1.950903e-01  0.000000e+00
    outer loop
      vertex -4.619398e+00  1.913417e+00  2.000000e+00
      vertex -5.000000e+00  6.123234e-16  7.000000e+00
      vertex -5.000000e+00  6.123234e-16  2.000000e+00
    endloop
  endfacet
  facet normal  1.950903e-01 -9.807853e-01  0.000000e+00
    outer loop
      vertex -1.913417e+00  4.619398e+00  7.000000e+00
      vertex  3.061617e-16  5.000000e+00  2.000000e+00
      vertex  3.061617e-16  5.000000e+00  7.000000e+00
    endloop
  endfacet
  facet normal -1.950903e-01 -9.807853e-01  -0.000000e+00
    outer loop
      vertex  3.061617e-16  5.000000e+00  7.000000e+00
      vertex  3.061617e-16  5.000000e+00  2.000000e+00
      vertex  1.913417e+00  4.619398e+00  2.000000e+00
    endloop
  endfacet
  facet normal -1.950903e-01 -9.807853e-01  0.000000e+00
    outer loop
      vertex  3.061617e-16  5.000000e+00  7.000000e+00
      vertex  1.913417e+00  4.619398e+00  2.000000e+00
      vertex  1.913417e+00  4.619398e+00  7.000000e+00
    endloop
  endfacet
  facet normal -5.555702e-01 -8.314696e-01  -0.000000e+00
    outer loop
      vertex  1.913417e+00  4.619398e+00  7.000000e+00
      vertex  1.913417e+00  4.619398e+00  2.000000e+00
      vertex  3.535534e+00  3.535534e+00  2.000000e+00
    endloop
  endfacet
  facet normal -5.555702e-01 -8.314696e-01  0.000000e+00
    outer loop
      vertex  1.913417e+00  4.619398e+00  7.000000e+00
      vertex  3.535534e+00  3.535534e+00  2.000000e+00
      vertex  3.535534e+00  3.535534e+00  7.000000e+00
    endloop
  endfacet
  facet normal -8.314696e-01 -5.555702e-01  -0.000000e+00
    outer loop
      vertex  3.535534e+00  3.535534e+00  7.000000e+00
      vertex  3.535534e+00  3.535534e+00  2.000000e+00
      vertex  4.619398e+00  1.913417e+00  2.000000e+00
    endloop
  endfacet
  facet normal -8.314696e-01 -5.555702e-01  0.000000e+00
    outer loop
      vertex  3.535534e+00  3.535534e+00  7.000000e+00
      vertex  4.619398e+00  1.913417e+00  2.000000e+00
      vertex  4.619398e+00  1.913417e+00  7.000000e+00
    endloop
  endfacet
  facet normal -9.807853e-01 -1.950903e-01  -0.000000e+00
    outer loop
      vertex  4.619398e+00  1.913417e+00  7.000000e+00
      vertex  4.619398e+00  1.913417e+00  2.000000e+00
      vertex  5.000000e+00  0.000000e+00  2.000000e+00
    endloop
  endfacet
  facet normal -9.807853e-01 -1.950903e-01  0.000000e+00
    outer loop
      vertex  4.619398e+00  1.913417e+00  7.000000e+00
      vertex  5.000000e+00  0.000000e+00  2.000000e+00
      vertex  5.000000e+00  0.000000e+00  7.000000e+00
    endloop
  endfacet
  facet normal -1.950903e-01  9.807853e-01  0.000000e+00
    outer loop
      vertex -9.184850e-16 -5.000000e+00  2.000000e+00
      vertex  1.913417e+00 -4.619398e+00  7.000000e+00
      vertex  1.913417e+00 -4.619398e+00  2.000000e+00
    endloop
  endfacet
  facet normal -5.555702e-01  8.314696e-01  0.000000e+00
    outer loop
      vertex  1.913417e+00 -4.619398e+00  2.000000e+00
      vertex  1.913417e+00 -4.619398e+00  7.000000e+00
      vertex  3.535534e+00 -3.535534e+00  7.000000e+00
    endloop
  endfacet
  facet normal -5.555702e-01  8.314696e-01  0.000000e+00
    outer loop
      vertex  1.913417e+00 -4.619398e+00  2.000000e+00
      vertex  3.535534e+00 -3.535534e+00  7.000000e+00
      vertex  3.535534e+00 -3.535534e+00  2.000000e+00
    endloop
  endfacet
  facet normal -8.314696e-01  5.555702e-01  0.000000e+00
    outer loop
      vertex  3.535534e+00 -3.535534e+00  2.000000e+00
      vertex  3.535534e+00 -3.535534e+00  7.000000e+00
      vertex  4.619398e+00 -1.913417e+00  7.000000e+00
    endloop
  endfacet
  facet normal -8.314696e-01  5.555702e-01  0.000000e+00
    outer loop
      vertex  3.535534e+00 -3.535534e+00  2.000000e+00
      vertex  4.619398e+00 -1.913417e+00  7.000000e+00
      vertex  4.619398e+00 -1.913417e+00  2.000000e+00
    endloop
  endfacet
  facet normal -9.807853e-01  1.950903e-01  0.000000e+00
    outer loop
      vertex  4.619398e+00 -1.913417e+00  2.000000e+00
      vertex  4.619398e+00 -1.913417e+00  7.000000e+00
      vertex  5.000000e+00  0.000000e+00  7.000000e+00
    endloop
  endfacet
  facet normal -9.807853e-01  1.950903e-01  0.000000e+00
    outer loop
      vertex  4.619398e+00 -1.913417e+00  2.000000e+00
      vertex  5.000000e+00  0.000000e+00  7.000000e+00
      vertex  5.000000e+00  0.000000e+00  2.000000e+00
    endloop
  endfacet
  facet normal -1.950903e-01  9.807853e-01  0.000000e+00
    outer loop
      vertex  1.913417e+00 -4.619398e+00  7.000000e+00
      vertex -9.184850e-16 -5.000000e+00  2.000000e+00
      vertex -9.184850e-16 -5.000000e+00  7.000000e+00
    endloop
  endfacet
  facet normal  1.950903e-01  9.807853e-01  0.000000e+00
    outer loop
      vertex -9.184850e-16 -5.000000e+00  7.000000e+00
      vertex -9.184850e-16 -5.000000e+00  2.000000e+00
      vertex -1.913417e+00 -4.619398e+00  2.000000e+00
    endloop
  endfacet
  facet normal  1.950903e-01  9.807853e-01  -0.000000e+00
    outer loop
      vertex -9.184850e-16 -5.000000e+00  7.000000e+00
      vertex -1.913417e+00 -4.619398e+00  2.000000e+00
      vertex -1.913417e+00 -4.619398e+00  7.000000e+00
    endloop
  endfacet
  facet normal  5.555702e-01  8.314696e-01  0.000000e+00
    outer loop
      vertex -1.913417e+00 -4.619398e+00  7.000000e+00
      vertex -1.913417e+00 -4.619398e+00  2.000000e+00
      vertex -3.535534e+00 -3.535534e+00  2.000000e+00
    endloop
  endfacet
  facet normal  5.555702e-01  8.314696e-01  -0.000000e+00
    outer loop
      vertex -1.913417e+00 -4.619398e+00  7.000000e+00
      vertex -3.535534e+00 -3.535534e+00  2.000000e+00
      vertex -3.535534e+00 -3.535534e+00  7.000000e+00
    endloop
  endfacet
  facet normal  8.314696e-01  5.555702e-01  0.000000e+00
    outer loop
      vertex -3.535534e+00 -3.535534e+00  7.000000e+00
      vertex -3.535534e+00 -3.535534e+00  2.000000e+00
      vertex -4.619398e+00 -1.913417e+00  2.000000e+00
    endloop
  endfacet
  facet normal  8.314696e-01  5.555702e-01  -0.000000e+00
    outer loop
      vertex -3.535534e+00 -3.535534e+00  7.000000e+00
      vertex -4.619398e+00 -1.913417e+00  2.000000e+00
      vertex -4.619398e+00 -1.913417e+00  7.000000e+00
    endloop
  endfacet
  facet normal  9.807853e-01  1.950903e-01  0.000000e+00
    outer loop
      vertex -4.619398e+00 -1.913417e+00  7.000000e+00
      vertex -4.619398e+00 -1.913417e+00  2.000000e+00
      vertex -5.000000e+00  6.123234e-16  2.000000e+00
    endloop
  endfacet
  facet normal  9.807853e-01  1.950903e-01  -0.000000e+00
    outer loop
      vertex -4.619398e+00 -1.913417e+00  7.000000e+00
      vertex -5.000000e+00  6.123234e-16  2.000000e+00
      vertex -5.000000e+00  6.123234e-16  7.000000e+00
    endloop
  endfacet
  facet normal  9.972038e-01 -7.472992e-02  0.000000e+00
    outer loop
      vertex  4.000000e+01  0.000000e+00  2.000000e+00
      vertex  4.000000e+01  0.000000e+00  7.000000e+00
      vertex  3.955323e+01 -5.961690e+00  2.000000e+00
    endloop
  endfacet
  facet normal  9.972038e-01 -7.472992e-02  0.000000e+00
    outer loop
      vertex  3.955323e+01 -5.961690e+00  2.000000e+00
      vertex  4.000000e+01  0.000000e+00  7.000000e+00
      vertex  3.955323e+01 -5.961690e+00  7.000000e+00
    endloop
  endfacet
  facet normal  9.749278e-01 -2.225212e-01  0.000000e+00
    outer loop
      vertex  3.955323e+01 -5.961690e+00  2.000000e+00
      vertex  3.955323e+01 -5.961690e+00  7.000000e+00
      vertex  3.822291e+01 -1.179021e+01  2.000000e+00
    endloop
  endfacet
  facet normal  9.749278e-01 -2.225212e-01  0.000000e+00
    outer loop
      vertex  3.822291e+01 -1.179021e+01  2.000000e+00
      vertex  3.955323e+01 -5.961690e+00  7.000000e+00
      vertex  3.822291e+01 -1.179021e+01  7.000000e+00
    endloop
  endfacet
  facet normal  9.308738e-01 -3.653411e-01  0.000000e+00
    outer loop
      vertex  3.822291e+01 -1.179021e+01  2.000000e+00
      vertex  3.822291e+01 -1.179021e+01  7.000000e+00
      vertex  3.603875e+01 -1.735535e+01  2.000000e+00
    endloop
  endfacet
  facet normal  9.308738e-01 -3.653411e-01  0.000000e+00
    outer loop
      vertex  3.603875e+01 -1.735535e+01  2.000000e+00
      vertex  3.822291e+01 -1.179021e+01  7.000000e+00
      vertex  3.603875e+01 -1.735535e+01  7.000000e+00
    endloop
  endfacet
  facet normal  8.660253e-01 -5.000001e-01  0.000000e+00
    outer loop
      vertex  3.603875e+01 -1.735535e+01  2.000000e+00
      vertex  3.603875e+01 -1.735535e+01  7.000000e+00
      vertex  3.304955e+01 -2.253280e+01  2.000000e+00
    endloop
  endfacet
  facet normal  8.660253e-01 -5.000001e-01  0.000000e+00
    outer loop
      vertex  3.304955e+01 -2.253280e+01  2.000000e+00
      vertex  3.603875e+01 -1.735535e+01  7.000000e+00
      vertex  3.304955e+01 -2.253280e+01  7.000000e+00
    endloop
  endfacet
  facet normal  7.818316e-01 -6.234896e-01  0.000000e+00
    outer loop
      vertex  3.304955e+01 -2.253280e+01  2.000000e+00
      vertex  3.304955e+01 -2.253280e+01  7.000000e+00
      vertex  2.932207e+01 -2.720691e+01  2.000000e+00
    endloop
  endfacet
  facet normal  7.818316e-01 -6.234896e-01  0.000000e+00
    outer loop
      vertex  2.932207e+01 -2.720691e+01  2.000000e+00
      vertex  3.304955e+01 -2.253280e+01  7.000000e+00
      vertex  2.932207e+01 -2.720691e+01  7.000000e+00
    endloop
  endfacet
  facet normal  6.801729e-01 -7.330518e-01  0.000000e+00
    outer loop
      vertex  2.932207e+01 -2.720691e+01  2.000000e+00
      vertex  2.932207e+01 -2.720691e+01  7.000000e+00
      vertex  2.493959e+01 -3.127326e+01  2.000000e+00
    endloop
  endfacet
  facet normal  6.801729e-01 -7.330518e-01  0.000000e+00
    outer loop
      vertex  2.493959e+01 -3.127326e+01  2.000000e+00
      vertex  2.932207e+01 -2.720691e+01  7.000000e+00
      vertex  2.493959e+01 -3.127326e+01  7.000000e+00
    endloop
  endfacet
  facet normal  5.633202e-01 -8.262388e-01  0.000000e+00
    outer loop
      vertex  2.493959e+01 -3.127326e+01  2.000000e+00
      vertex  2.493959e+01 -3.127326e+01  7.000000e+00
      vertex  2.000000e+01 -3.464102e+01  2.000000e+00
    endloop
  endfacet
  facet normal  5.633202e-01 -8.262388e-01  0.000000e+00
    outer loop
      vertex  2.000000e+01 -3.464102e+01  2.000000e+00
      vertex  2.493959e+01 -3.127326e+01  7.000000e+00
      vertex  2.000000e+01 -3.464102e+01  7.000000e+00
    endloop
  endfacet
  facet normal  4.338836e-01 -9.009689e-01  0.000000e+00
    outer loop
      vertex  2.000000e+01 -3.464102e+01  2.000000e+00
      vertex  2.000000e+01 -3.464102e+01  7.000000e+00
      vertex  1.461364e+01 -3.723495e+01  2.000000e+00
    endloop
  endfacet
  facet normal  4.338836e-01 -9.009689e-01  0.000000e+00
    outer loop
      vertex  1.461364e+01 -3.723495e+01  2.000000e+00
      vertex  2.000000e+01 -3.464102e+01  7.000000e+00
      vertex  1.461364e+01 -3.723495e+01  7.000000e+00
    endloop
  endfacet
  facet normal  2.947549e-01 -9.555728e-01  0.000000e+00
    outer loop
      vertex  1.461364e+01 -3.723495e+01  2.000000e+00
      vertex  1.461364e+01 -3.723495e+01  7.000000e+00
      vertex  8.900837e+00 -3.899712e+01  2.000000e+00
    endloop
  endfacet
  facet normal  2.947549e-01 -9.555728e-01  0.000000e+00
    outer loop
      vertex  8.900837e+00 -3.899712e+01  2.000000e+00
      vertex  1.461364e+01 -3.723495e+01  7.000000e+00
      vertex  8.900837e+00 -3.899712e+01  7.000000e+00
    endloop
  endfacet
  facet normal  1.490425e-01 -9.888308e-01  0.000000e+00
    outer loop
      vertex  8.900837e+00 -3.899712e+01  2.000000e+00
      vertex  8.900837e+00 -3.899712e+01  7.000000e+00
      vertex  2.989204e+00 -3.988815e+01  2.000000e+00
    endloop
  endfacet
  facet normal  1.490425e-01 -9.888308e-01  0.000000e+00
    outer loop
      vertex  2.989204e+00 -3.988815e+01  2.000000e+00
      vertex  8.900837e+00 -3.899712e+01  7.000000e+00
      vertex  2.989204e+00 -3.988815e+01  7.000000e+00
    endloop
  endfacet
  facet normal  0.000000e+00 -1.000000e+00  -0.000000e+00
    outer loop
      vertex  2.989204e+00 -3.988815e+01  2.000000e+00
      vertex  2.989204e+00 -3.988815e+01  7.000000e+00
      vertex -2.989204e+00 -3.988815e+01  2.000000e+00
    endloop
  endfacet
  facet normal  0.000000e+00 -1.000000e+00  0.000000e+00
    outer loop
      vertex -2.989204e+00 -3.988815e+01  2.000000e+00
      vertex  2.989204e+00 -3.988815e+01  7.000000e+00
      vertex -2.989204e+00 -3.988815e+01  7.000000e+00
    endloop
  endfacet
  facet normal -1.490425e-01 -9.888308e-01  -0.000000e+00
    outer loop
      vertex -2.989204e+00 -3.988815e+01  2.000000e+00
      vertex -2.989204e+00 -3.988815e+01  7.000000e+00
      vertex -8.900837e+00 -3.899712e+01  2.000000e+00
    endloop
  endfacet
  facet normal -1.490425e-01 -9.888308e-01  0.000000e+00
    outer loop
      vertex -8.900837e+00 -3.899712e+01  2.000000e+00
      vertex -2.989204e+00 -3.988815e+01  7.000000e+00
      vertex -8.900837e+00 -3.899712e+01  7.000000e+00
    endloop
  endfacet
  facet normal -2.947549e-01 -9.555728e-01  -0.000000e+00
    outer loop
      vertex -8.900837e+00 -3.899712e+01  2.000000e+00
      vertex -8.900837e+00 -3.899712e+01  7.000000e+00
      vertex -1.461364e+01 -3.723495e+01  2.000000e+00
    endloop
  endfacet
  facet normal -2.947549e-01 -9.555728e-01  0.000000e+00
    outer loop
      vertex -1.461364e+01 -3.723495e+01  2.000000e+00
      vertex -8.900837e+00 -3.899712e+01  7.000000e+00
      vertex -1.461364e+01 -3.723495e+01  7.000000e+00
    endloop
  endfacet
  facet normal -4.338836e-01 -9.009689e-01  -0.000000e+00
    outer loop
      vertex -1.461364e+01 -3.723495e+01  2.000000e+00
      vertex -1.461364e+01 -3.723495e+01  7.000000e+00
      vertex -2.000000e+01 -3.464102e+01  2.000000e+00
    endloop
  endfacet
  facet normal -4.338836e-01 -9.009689e-01  0.000000e+00
    outer loop
      vertex -2.000000e+01 -3.464102e+01  2.000000e+00
      vertex -1.461364e+01 -3.723495e+01  7.000000e+00
      vertex -2.000000e+01 -3.464102e+01  7.000000e+00
    endloop
  endfacet
  facet normal -5.633202e-01 -8.262388e-01  -0.000000e+00
    outer loop
      vertex -2.000000e+01 -3.464102e+01  2.000000e+00
      vertex -2.000000e+01 -3.464102e+01  7.000000e+00
      vertex -2.493959e+01 -3.127326e+01  2.000000e+00
    endloop
  endfacet
  facet normal -5.633202e-01 -8.262388e-01  0.000000e+00
    outer loop
      vertex -2.493959e+01 -3.127326e+01  2.000000e+00
      vertex -2.000000e+01 -3.464102e+01  7.000000e+00
      vertex -2.493959e+01 -3.127326e+01  7.000000e+00
    endloop
  endfacet
  facet normal -6.801729e-01 -7.330518e-01  -0.000000e+00
    outer loop
      vertex -2.493959e+01 -3.127326e+01  2.000000e+00
      vertex -2.493959e+01 -3.127326e+01  7.000000e+00
      vertex -2.932207e+01 -2.720691e+01  2.000000e+00
    endloop
  endfacet
  facet normal -6.801729e-01 -7.330518e-01  0.000000e+00
    outer loop
      vertex -2.932207e+01 -2.720691e+01  2.000000e+00
      vertex -2.493959e+01 -3.127326e+01  7.000000e+00
      vertex -2.932207e+01 -2.720691e+01  7.000000e+00
    endloop
  endfacet
  facet normal -7.818316e-01 -6.234896e-01  -0.000000e+00
    outer loop
      vertex -2.932207e+01 -2.720691e+01  2.000000e+00
      vertex -2.932207e+01 -2.720691e+01  7.000000e+00
      vertex -3.304955e+01 -2.253280e+01  2.000000e+00
    endloop
  endfacet
  facet normal -7.818316e-01 -6.234896e-01  0.000000e+00
    outer loop
      vertex -3.304955e+01 -2.253280e+01  2.000000e+00
      vertex -2.932207e+01 -2.720691e+01  7.000000e+00
      vertex -3.304955e+01 -2.253280e+01  7.000000e+00
    endloop
  endfacet
  facet normal -8.660253e-01 -5.000001e-01  -0.000000e+00
    outer loop
      vertex -3.304955e+01 -2.253280e+01  2.000000e+00
      vertex -3.304955e+01 -2.253280e+01  7.000000e+00
      vertex -3.603875e+01 -1.735535e+01  2.000000e+00
    endloop
  endfacet
  facet normal -8.660253e-01 -5.000001e-01  0.000000e+00
    outer loop
      vertex -3.603875e+01 -1.735535e+01  2.000000e+00
      vertex -3.304955e+01 -2.253280e+01  7.000000e+00
      vertex -3.603875e+01 -1.735535e+01  7.000000e+00
    endloop
  endfacet
  facet normal -9.308738e-01 -3.653411e-01  -0.000000e+00
    outer loop
      vertex -3.603875e+01 -1.735535e+01  2.000000e+00
      vertex -3.603875e+01 -1.735535e+01  7.000000e+00
      vertex -3.822291e+01 -1.179021e+01  2.000000e+00
    endloop
  endfacet
  facet normal -9.308738e-01 -3.653411e-01  0.000000e+00
    outer loop
      vertex -3.822291e+01 -1.179021e+01  2.000000e+00
      vertex -3.603875e+01 -1.735535e+01  7.000000e+00
      vertex -3.822291e+01 -1.179021e+01  7.000000e+00
    endloop
  endfacet
  facet normal -9.749278e-01 -2.225212e-01  -0.000000e+00
    outer loop
      vertex -3.822291e+01 -1.179021e+01  2.000000e+00
      vertex -3.822291e+01 -1.179021e+01  7.000000e+00
      vertex -3.955323e+01 -5.961690e+00  2.000000e+00
    endloop
  endfacet
  facet normal -9.749278e-01 -2.225212e-01  0.000000e+00
    outer loop
      vertex -3.955323e+01 -5.961690e+00  2.000000e+00
      vertex -3.822291e+01 -1.179021e+01  7.000000e+00
      vertex -3.955323e+01 -5.961690e+00  7.000000e+00
    endloop
  endfacet
  facet normal -9.972038e-01 -7.472992e-02  -0.000000e+00
    outer loop
      vertex -3.955323e+01 -5.961690e+00  2.000000e+00
      vertex -3.955323e+01 -5.961690e+00  7.000000e+00
      vertex -4.000000e+01  4.898587e-15  2.000000e+00
    endloop
  endfacet
  facet normal -9.972038e-01 -7.472992e-02  0.000000e+00
    outer loop
      vertex -4.000000e+01  4.898587e-15  2.000000e+00
      vertex -3.955323e+01 -5.961690e+00  7.000000e+00
      vertex -4.000000e+01  4.898587e-15  7.000000e+00
    endloop
  endfacet
  facet normal -9.972038e-01  7.472992e-02  0.000000e+00
    outer loop
      vertex -4.000000e+01  4.898587e-15  2.000000e+00
      vertex -4.000000e+01  4.898587e-15  7.000000e+00
      vertex -3.955323e+01  5.961690e+00  2.000000e+00
    endloop
  endfacet
  facet normal -9.972038e-01  7.472992e-02  0.000000e+00
    outer loop
      vertex -3.955323e+01  5.961690e+00  2.000000e+00
      vertex -4.000000e+01  4.898587e-15  7.000000e+00
      vertex -3.955323e+01  5.961690e+00  7.000000e+00
    endloop
  endfacet
  facet normal -9.749278e-01  2.225212e-01  0.000000e+00
    outer loop
      vertex -3.955323e+01  5.961690e+00  2.000000e+00
      vertex -3.955323e+01  5.961690e+00  7.000000e+00
      vertex -3.822291e+01  1.179021e+01  2.000000e+00
    endloop
  endfacet
  facet normal -9.749278e-01  2.225212e-01  0.000000e+00
    outer loop
      vertex -3.822291e+01  1.179021e+01  2.000000e+00
      vertex -3.955323e+01  5.961690e+00  7.000000e+00
      vertex -3.822291e+01  1.179021e+01  7.000000e+00
    endloop
  endfacet
  facet normal -9.308738e-01  3.653411e-01  0.000000e+00
    outer loop
      vertex -3.822291e+01  1.179021e+01  2.000000e+00
      vertex -3.822291e+01  1.179021e+01  7.000000e+00
      vertex -3.603875e+01  1.735535e+01  2.000000e+00
    endloop
  endfacet
  facet normal -9.308738e-01  3.653411e-01  0.000000e+00
    outer loop
      vertex -3.603875e+01  1.735535e+01  2.000000e+00
      vertex -3.822291e+01  1.179021e+01  7.000000e+00
      vertex -3.603875e+01  1.735535e+01  7.000000e+00
    endloop
  endfacet
  facet normal -8.660253e-01  5.000001e-01  0.000000e+00
    outer loop
      vertex -3.603875e+01  1.735535e+01  2.000000e+00
      vertex -3.603875e+01  1.735535e+01  7.000000e+00
      vertex -3.304955e+01  2.253280e+01  2.000000e+00
    endloop
  endfacet
  facet normal -8.660253e-01  5.000001e-01  0.000000e+00
    outer loop
      vertex -3.304955e+01  2.253280e+01  2.000000e+00
      vertex -3.603875e+01  1.735535e+01  7.000000e+00
      vertex -3.304955e+01  2.253280e+01  7.000000e+00
    endloop
  endfacet
  facet normal -7.818316e-01  6.234896e-01  0.000000e+00
    outer loop
      vertex -3.304955e+01  2.253280e+01  2.000000e+00
      vertex -3.304955e+01  2.253280e+01  7.000000e+00
      vertex -2.932207e+01  2.720691e+01  2.000000e+00
    endloop
  endfacet
  facet normal -7.818316e-01  6.234896e-01  0.000000e+00
    outer loop
      vertex -2.932207e+01  2.720691e+01  2.000000e+00
      vertex -3.304955e+01  2.253280e+01  7.000000e+00
      vertex -2.932207e+01  2.720691e+01  7.000000e+00
    endloop
  endfacet
  facet normal -6.801729e-01  7.330518e-01  0.000000e+00
    outer loop
      vertex -2.932207e+01  2.720691e+01  2.000000e+00
      vertex -2.932207e+01  2.720691e+01  7.000000e+00
      vertex -2.493959e+01  3.127326e+01  2.000000e+00
    endloop
  endfacet
  facet normal -6.801729e-01  7.330518e-01  0.000000e+00
    outer loop
      vertex -2.493959e+01  3.127326e+01  2.000000e+00
      vertex -2.932207e+01  2.720691e+01  7.000000e+00
      vertex -2.493959e+01  3.127326e+01  7.000000e+00
    endloop
  endfacet
  facet normal -5.633202e-01  8.262388e-01  0.000000e+00
    outer loop
      vertex -2.493959e+01  3.127326e+01  2.000000e+00
      vertex -2.493959e+01  3.127326e+01  7.000000e+00
      vertex -2.000000e+01  3.464102e+01  2.000000e+00
    endloop
  endfacet
  facet normal -5.633202e-01  8.262388e-01  0.000000e+00
    outer loop
      vertex -2.000000e+01  3.464102e+01  2.000000e+00
      vertex -2.493959e+01  3.127326e+01  7.000000e+00
      vertex -2.000000e+01  3.464102e+01  7.000000e+00
    endloop
  endfacet
  facet normal -4.338836e-01  9.009689e-01  0.000000e+00
    outer loop
      vertex -2.000000e+01  3.464102e+01  2.000000e+00
      vertex -2.000000e+01  3.464102e+01  7.000000e+00
      vertex -1.461364e+01  3.723495e+01  2.000000e+00
    endloop
  endfacet
  facet normal -4.338836e-01  9.009689e-01  0.000000e+00
    outer loop
      vertex -1.461364e+01  3.723495e+01  2.000000e+00
      vertex -2.000000e+01  3.464102e+01  7.000000e+00
      vertex -1.461364e+01  3.723495e+01  7.000000e+00
    endloop
  endfacet
  facet normal -2.947549e-01  9.555728e-01  0.000000e+00
    outer loop
      vertex -1.461364e+01  3.723495e+01  2.000000e+00
      vertex -1.461364e+01  3.723495e+01  7.000000e+00
      vertex -8.900837e+00  3.899712e+01  2.000000e+00
    endloop
  endfacet
  facet normal -2.947549e-01  9.555728e-01  0.000000e+00
    outer loop
      vertex -8.900837e+00  3.899712e+01  2.000000e+00
      vertex -1.461364e+01  3.723495e+01  7.000000e+00
      vertex -8.900837e+00  3.899712e+01  7.000000e+00
    endloop
  endfacet
  facet normal -1.490425e-01  9.888308e-01  0.000000e+00
    outer loop
      vertex -8.900837e+00  3.899712e+01  2.000000e+00
      vertex -8.900837e+00  3.899712e+01  7.000000e+00
      vertex -2.989204e+00  3.988815e+01  2.000000e+00
    endloop
  endfacet
  facet normal -1.490425e-01  9.888308e-01  0.000000e+00
    outer loop
      vertex -2.989204e+00  3.988815e+01  2.000000e+00
      vertex -8.900837e+00  3.899712e+01  7.000000e+00
      vertex -2.989204e+00  3.988815e+01  7.000000e+00
    endloop
  endfacet
  facet normal  0.000000e+00  1.000000e+00  0.000000e+00
    outer loop
      vertex -2.989204e+00  3.988815e+01  2.000000e+00
      vertex -2.989204e+00  3.988815e+01  7.000000e+00
      vertex  2.989204e+00  3.988815e+01  2.000000e+00
    endloop
  endfacet
  facet normal  0.000000e+00  1.000000e+00  -0.000000e+00
    outer loop
      vertex  2.989204e+00  3.988815e+01  2.000000e+00
      vertex -2.989204e+00  3.988815e+01  7.000000e+00
      vertex  2.989204e+00  3.988815e+01  7.000000e+00
    endloop
  endfacet
  facet normal  1.490425e-01  9.888308e-01  0.000000e+00
    outer loop
      vertex  2.989204e+00  3.988815e+01  2.000000e+00
      vertex  2.989204e+00  3.988815e+01  7.000000e+00
      vertex  8.900837e+00  3.899712e+01  2.000000e+00
    endloop
  endfacet
  facet normal  1.490425e-01  9.888308e-01  -0.000000e+00
    outer loop
      vertex  8.900837e+00  3.899712e+01  2.000000e+00
      vertex  2.989204e+00  3.988815e+01  7.000000e+00
      vertex  8.900837e+00  3.899712e+01  7.000000e+00
    endloop
  endfacet
  facet normal  2.947549e-01  9.555728e-01  0.000000e+00
    outer loop
      vertex  8.900837e+00  3.899712e+01  2.000000e+00
      vertex  8.900837e+00  3.899712e+01  7.000000e+00
      vertex  1.461364e+01  3.723495e+01  2.000000e+00
    endloop
  endfacet
  facet normal  2.947549e-01  9.555728e-01  -0.000000e+00
    outer loop
      vertex  1.461364e+01  3.723495e+01  2.000000e+00
      vertex  8.900837e+00  3.899712e+01  7.000000e+00
      vertex  1.461364e+01  3.723495e+01  7.000000e+00
    endloop
  endfacet
  facet normal  4.338836e-01  9.009689e-01  0.000000e+00
    outer loop
      vertex  1.461364e+01  3.723495e+01  2.000000e+00
      vertex  1.461364e+01  3.723495e+01  7.000000e+00
      vertex  2.000000e+01  3.464102e+01  2.000000e+00
    endloop
  endfacet
  facet normal  4.338836e-01  9.009689e-01  -0.000000e+00
    outer loop
      vertex  2.000000e+01  3.464102e+01  2.000000e+00
      vertex  1.461364e+01  3.723495e+01  7.000000e+00
      vertex  2.000000e+01  3.464102e+01  7.000000e+00
    endloop
  endfacet
  facet normal  5.633202e-01  8.262388e-01  0.000000e+00
    outer loop
      vertex  2.000000e+01  3.464102e+01  2.000000e+00
      vertex  2.000000e+01  3.464102e+01  7.000000e+00
      vertex  2.493959e+01  3.127326e+01  2.000000e+00
    endloop
  endfacet
  facet normal  5.633202e-01  8.262388e-01  -0.000000e+00
    outer loop
      vertex  2.493959e+01  3.127326e+01  2.000000e+00
      vertex  2.000000e+01  3.464102e+01  7.000000e+00
      vertex  2.493959e+01  3.127326e+01  7.000000e+00
    endloop
  endfacet
  facet normal  6.801729e-01  7.330518e-01  0.000000e+00
    outer loop
      vertex  2.493959e+01  3.127326e+01  2.000000e+00
      vertex  2.493959e+01  3.127326e+01  7.000000e+00
      vertex  2.932207e+01  2.720691e+01  2.000000e+00
    endloop
  endfacet
  facet normal  6.801729e-01  7.330518e-01  -0.000000e+00
    outer loop
      vertex  2.932207e+01  2.720691e+01  2.000000e+00
      vertex  2.493959e+01  3.127326e+01  7.000000e+00
      vertex  2.932207e+01  2.720691e+01  7.000000e+00
    endloop
  endfacet
  facet normal  7.818316e-01  6.234896e-01  0.000000e+00
    outer loop
      vertex  2.932207e+01  2.720691e+01  2.000000e+00
      vertex  2.932207e+01  2.720691e+01  7.000000e+00
      vertex  3.304955e+01  2.253280e+01  2.000000e+00
    endloop
  endfacet
  facet normal  7.818316e-01  6.234896e-01  -0.000000e+00
    outer loop
      vertex  3.304955e+01  2.253280e+01  2.000000e+00
      vertex  2.932207e+01  2.720691e+01  7.000000e+00
      vertex  3.304955e+01  2.253280e+01  7.000000e+00
    endloop
  endfacet
  facet normal  8.660253e-01  5.000001e-01  0.000000e+00
    outer loop
      vertex  3.304955e+01  2.253280e+01  2.000000e+00
      vertex  3.304955e+01  2.253280e+01  7.000000e+00
      vertex  3.603875e+01  1.735535e+01  2.000000e+00
    endloop
  endfacet
  facet normal  8.660253e-01  5.000001e-01  -0.000000e+00
    outer loop
      vertex  3.603875e+01  1.735535e+01  2.000000e+00
      vertex  3.304955e+01  2.253280e+01  7.000000e+00
      vertex  3.603875e+01  1.735535e+01  7.000000e+00
    endloop
  endfacet
  facet normal  9.308738e-01  3.653411e-01  0.000000e+00
    outer loop
      vertex  3.603875e+01  1.735535e+01  2.000000e+00
      vertex  3.603875e+01  1.735535e+01  7.000000e+00
      vertex  3.822291e+01  1.179021e+01  2.000000e+00
    endloop
  endfacet
  facet normal  9.308738e-01  3.653411e-01  -0.000000e+00
    outer loop
      vertex  3.822291e+01  1.179021e+01  2.000000e+00
      vertex  3.603875e+01  1.735535e+01  7.000000e+00
      vertex  3.822291e+01  1.179021e+01  7.000000e+00
    endloop
  endfacet
  facet normal  9.749278e-01  2.225212e-01  0.000000e+00
    outer loop
      vertex  3.822291e+01  1.179021e+01  2.000000e+00
      vertex  3.822291e+01  1.179021e+01  7.000000e+00
      vertex  3.955323e+01  5.961690e+00  2.000000e+00
    endloop
  endfacet
  facet normal  9.749278e-01  2.225212e-01  -0.000000e+00
    outer loop
      vertex  3.955323e+01  5.961690e+00  2.000000e+00
      vertex  3.822291e+01  1.179021e+01  7.000000e+00
      vertex  3.955323e+01  5.961690e+00  7.000000e+00
    endloop
  endfacet
  facet normal  9.972038e-01  7.472992e-02  0.000000e+00
    outer loop
      vertex  3.955323e+01  5.961690e+00  2.000000e+00
      vertex  3.955323e+01  5.961690e+00  7.000000e+00
      vertex  4.000000e+01  0.000000e+00  2.000000e+00
    endloop
  endfacet
  facet normal  9.972038e-01  7.472992e-02  -0.000000e+00
    outer loop
      vertex  4.000000e+01  0.000000e+00  2.000000e+00
      vertex  3.955323e+01  5.961690e+00  7.000000e+00
      vertex  4.000000e+01  0.000000e+00  7.000000e+00
    endloop
  endfacet
endsolid CATIA STL
