solid CATIA STL
  facet normal  0.000000e+00  0.000000e+00 -1.000000e+00
    outer loop
      vertex  3.829824e+01  3.418816e+01 -5.000000e+00
      vertex  9.345880e+00  4.094697e+01 -5.000000e+00
      vertex  3.192533e+01  4.249350e+01 -5.000000e+00
    endloop
  endfacet
  facet normal  0.000000e+00  0.000000e+00 -1.000000e+00
    outer loop
      vertex  9.345880e+00  4.094697e+01 -5.000000e+00
      vertex  3.138664e+00  4.188256e+01 -5.000000e+00
      vertex  3.192533e+01  4.249350e+01 -5.000000e+00
    endloop
  endfacet
  facet normal  0.000000e+00  0.000000e+00 -1.000000e+00
    outer loop
      vertex  4.153090e+01  6.259775e+00 -5.000000e+00
      vertex  5.276311e+01  6.401401e+00 -5.000000e+00
      vertex  4.200000e+01  0.000000e+00 -5.000000e+00
    endloop
  endfacet
  facet normal  0.000000e+00  0.000000e+00 -1.000000e+00
    outer loop
      vertex  5.276311e+01  6.401401e+00 -5.000000e+00
      vertex  4.153090e+01 -6.259775e+00 -5.000000e+00
      vertex  4.200000e+01  0.000000e+00 -5.000000e+00
    endloop
  endfacet
  facet normal  0.000000e+00  0.000000e+00 -1.000000e+00
    outer loop
      vertex  4.013406e+01 -1.237972e+01 -5.000000e+00
      vertex  5.276311e+01  6.401401e+00 -5.000000e+00
      vertex  3.784069e+01 -1.822312e+01 -5.000000e+00
    endloop
  endfacet
  facet normal  0.000000e+00  0.000000e+00 -1.000000e+00
    outer loop
      vertex  4.153090e+01 -6.259775e+00 -5.000000e+00
      vertex  5.276311e+01  6.401401e+00 -5.000000e+00
      vertex  4.013406e+01 -1.237972e+01 -5.000000e+00
    endloop
  endfacet
  facet normal  0.000000e+00  0.000000e+00 -1.000000e+00
    outer loop
      vertex -5.071419e+01 -3.947490e+01 -5.000000e+00
      vertex -5.502336e+01 -3.372951e+01 -5.000000e+00
      vertex -5.375385e+01 -3.345967e+01 -5.000000e+00
    endloop
  endfacet
  facet normal  0.000000e+00  0.000000e+00 -1.000000e+00
    outer loop
      vertex -5.817693e+01 -1.380324e+01 -5.000000e+00
      vertex -5.591110e+01 -3.582731e+00 -5.000000e+00
      vertex -5.954337e+01 -2.418233e+01 -5.000000e+00
    endloop
  endfacet
  facet normal  -0.000000e+00  0.000000e+00 -1.000000e+00
    outer loop
      vertex -5.276311e+01  6.401401e+00 -5.000000e+00
      vertex -4.153090e+01  6.259775e+00 -5.000000e+00
      vertex -4.200000e+01  5.143517e-15 -5.000000e+00
    endloop
  endfacet
  facet normal  0.000000e+00  0.000000e+00 -9.999999e-01
    outer loop
      vertex -8.829172e+00  6.365723e+01 -5.000000e+00
      vertex -1.698936e+00  6.451638e+01 -5.000000e+00
      vertex -2.100000e+00  6.328203e+01 -5.000000e+00
    endloop
  endfacet
  facet normal  0.000000e+00  0.000000e+00 -1.000000e+00
    outer loop
      vertex -3.829824e+01  3.418816e+01 -5.000000e+00
      vertex -9.345880e+00  4.094697e+01 -5.000000e+00
      vertex -1.534432e+01  3.909670e+01 -5.000000e+00
    endloop
  endfacet
  facet normal  0.000000e+00  0.000000e+00 -1.000000e+00
    outer loop
      vertex -3.829824e+01  3.418816e+01 -5.000000e+00
      vertex -1.534432e+01  3.909670e+01 -5.000000e+00
      vertex -2.100000e+01  3.637307e+01 -5.000000e+00
    endloop
  endfacet
  facet normal  0.000000e+00  0.000000e+00 -1.000000e+00
    outer loop
      vertex -3.470203e+01  2.365944e+01 -5.000000e+00
      vertex -4.392305e+01  2.535898e+01 -5.000000e+00
      vertex -3.078818e+01  2.856726e+01 -5.000000e+00
    endloop
  endfacet
  facet normal  0.000000e+00  0.000000e+00 -1.000000e+00
    outer loop
      vertex  1.534432e+01  3.909670e+01 -5.000000e+00
      vertex  9.345880e+00  4.094697e+01 -5.000000e+00
      vertex  3.829824e+01  3.418816e+01 -5.000000e+00
    endloop
  endfacet
  facet normal  0.000000e+00  0.000000e+00 -1.000000e+00
    outer loop
      vertex  2.100000e+01  3.637307e+01 -5.000000e+00
      vertex  1.534432e+01  3.909670e+01 -5.000000e+00
      vertex  3.829824e+01  3.418816e+01 -5.000000e+00
    endloop
  endfacet
  facet normal  0.000000e+00  0.000000e+00 -9.999999e-01
    outer loop
      vertex  4.392305e+01  2.535898e+01 -5.000000e+00
      vertex  3.470203e+01  2.365944e+01 -5.000000e+00
      vertex  3.078818e+01  2.856726e+01 -5.000000e+00
    endloop
  endfacet
  facet normal  0.000000e+00  -0.000000e+00 -1.000000e+00
    outer loop
      vertex  3.078818e+01 -2.856726e+01 -5.000000e+00
      vertex  3.470203e+01 -2.365944e+01 -5.000000e+00
      vertex  5.458434e+01 -2.955252e+01 -5.000000e+00
    endloop
  endfacet
  facet normal  0.000000e+00  0.000000e+00 -1.000000e+00
    outer loop
      vertex  5.954337e+01 -2.418233e+01 -5.000000e+00
      vertex  5.672229e+01 -3.078687e+01 -5.000000e+00
      vertex  5.585385e+01 -2.982236e+01 -5.000000e+00
    endloop
  endfacet
  facet normal  0.000000e+00  0.000000e+00 -1.000000e+00
    outer loop
      vertex -5.585385e+01 -2.982236e+01 -5.000000e+00
      vertex -5.672229e+01 -3.078687e+01 -5.000000e+00
      vertex -5.954337e+01 -2.418233e+01 -5.000000e+00
    endloop
  endfacet
  facet normal  0.000000e+00  0.000000e+00 -1.000000e+00
    outer loop
      vertex -5.585385e+01 -2.982236e+01 -5.000000e+00
      vertex -5.954337e+01 -2.418233e+01 -5.000000e+00
      vertex -5.591110e+01 -3.582731e+00 -5.000000e+00
    endloop
  endfacet
  facet normal  0.000000e+00  0.000000e+00 -1.000000e+00
    outer loop
      vertex -5.585385e+01 -2.982236e+01 -5.000000e+00
      vertex -5.591110e+01 -3.582731e+00 -5.000000e+00
      vertex -5.276311e+01  6.401401e+00 -5.000000e+00
    endloop
  endfacet
  facet normal  0.000000e+00  0.000000e+00 -9.999999e-01
    outer loop
      vertex -5.585385e+01 -2.982236e+01 -5.000000e+00
      vertex -5.276311e+01  6.401401e+00 -5.000000e+00
      vertex -5.458434e+01 -2.955252e+01 -5.000000e+00
    endloop
  endfacet
  facet normal  0.000000e+00  -0.000000e+00 -9.999999e-01
    outer loop
      vertex -5.458434e+01 -2.955252e+01 -5.000000e+00
      vertex -5.276311e+01  6.401401e+00 -5.000000e+00
      vertex -4.200000e+01  5.143517e-15 -5.000000e+00
    endloop
  endfacet
  facet normal  0.000000e+00  -0.000000e+00 -1.000000e+00
    outer loop
      vertex -5.458434e+01 -2.955252e+01 -5.000000e+00
      vertex -4.200000e+01  5.143517e-15 -5.000000e+00
      vertex -4.153090e+01 -6.259775e+00 -5.000000e+00
    endloop
  endfacet
  facet normal  0.000000e+00  -0.000000e+00 -1.000000e+00
    outer loop
      vertex -5.458434e+01 -2.955252e+01 -5.000000e+00
      vertex -4.153090e+01 -6.259775e+00 -5.000000e+00
      vertex -4.013406e+01 -1.237972e+01 -5.000000e+00
    endloop
  endfacet
  facet normal  0.000000e+00  -0.000000e+00 -9.999999e-01
    outer loop
      vertex -5.458434e+01 -2.955252e+01 -5.000000e+00
      vertex -4.013406e+01 -1.237972e+01 -5.000000e+00
      vertex -3.784069e+01 -1.822312e+01 -5.000000e+00
    endloop
  endfacet
  facet normal  0.000000e+00  -0.000000e+00 -9.999999e-01
    outer loop
      vertex -5.458434e+01 -2.955252e+01 -5.000000e+00
      vertex -3.784069e+01 -1.822312e+01 -5.000000e+00
      vertex -3.470203e+01 -2.365944e+01 -5.000000e+00
    endloop
  endfacet
  facet normal  0.000000e+00  -0.000000e+00 -1.000000e+00
    outer loop
      vertex -5.458434e+01 -2.955252e+01 -5.000000e+00
      vertex -3.470203e+01 -2.365944e+01 -5.000000e+00
      vertex -3.078818e+01 -2.856726e+01 -5.000000e+00
    endloop
  endfacet
  facet normal  0.000000e+00  -0.000000e+00 -1.000000e+00
    outer loop
      vertex -5.458434e+01 -2.955252e+01 -5.000000e+00
      vertex -3.078818e+01 -2.856726e+01 -5.000000e+00
      vertex -2.618657e+01 -3.283692e+01 -5.000000e+00
    endloop
  endfacet
  facet normal  0.000000e+00  -0.000000e+00 -1.000000e+00
    outer loop
      vertex -6.000000e+01 -3.464102e+01 -5.000000e+00
      vertex -5.954337e+01 -2.418233e+01 -5.000000e+00
      vertex -5.672229e+01 -3.078687e+01 -5.000000e+00
    endloop
  endfacet
  facet normal  0.000000e+00  0.000000e+00 -1.000000e+00
    outer loop
      vertex -6.000000e+01 -3.464102e+01 -5.000000e+00
      vertex -5.672229e+01 -3.078687e+01 -5.000000e+00
      vertex -5.685796e+01 -3.207763e+01 -5.000000e+00
    endloop
  endfacet
  facet normal  0.000000e+00  -0.000000e+00 -1.000000e+00
    outer loop
      vertex -6.000000e+01 -3.464102e+01 -5.000000e+00
      vertex -5.685796e+01 -3.207763e+01 -5.000000e+00
      vertex -5.620902e+01 -3.320162e+01 -5.000000e+00
    endloop
  endfacet
  facet normal  0.000000e+00  -0.000000e+00 -1.000000e+00
    outer loop
      vertex -6.000000e+01 -3.464102e+01 -5.000000e+00
      vertex -5.620902e+01 -3.320162e+01 -5.000000e+00
      vertex -5.502336e+01 -3.372951e+01 -5.000000e+00
    endloop
  endfacet
  facet normal  0.000000e+00  -0.000000e+00 -1.000000e+00
    outer loop
      vertex -6.000000e+01 -3.464102e+01 -5.000000e+00
      vertex -5.502336e+01 -3.372951e+01 -5.000000e+00
      vertex -5.071419e+01 -3.947490e+01 -5.000000e+00
    endloop
  endfacet
  facet normal  0.000000e+00  -0.000000e+00 -1.000000e+00
    outer loop
      vertex -3.192533e+01  4.249350e+01 -5.000000e+00
      vertex -2.485281e+01  5.021180e+01 -5.000000e+00
      vertex -3.138664e+00  4.188256e+01 -5.000000e+00
    endloop
  endfacet
  facet normal  -0.000000e+00  0.000000e+00 -1.000000e+00
    outer loop
      vertex -3.192533e+01  4.249350e+01 -5.000000e+00
      vertex -3.138664e+00  4.188256e+01 -5.000000e+00
      vertex -9.345880e+00  4.094697e+01 -5.000000e+00
    endloop
  endfacet
  facet normal  -0.000000e+00  0.000000e+00 -1.000000e+00
    outer loop
      vertex -3.192533e+01  4.249350e+01 -5.000000e+00
      vertex -9.345880e+00  4.094697e+01 -5.000000e+00
      vertex -3.829824e+01  3.418816e+01 -5.000000e+00
    endloop
  endfacet
  facet normal  0.000000e+00  -0.000000e+00 -1.000000e+00
    outer loop
      vertex -1.713451e+01  5.728432e+01 -5.000000e+00
      vertex -8.829172e+00  6.365723e+01 -5.000000e+00
      vertex -2.100000e+00  6.328203e+01 -5.000000e+00
    endloop
  endfacet
  facet normal  0.000000e+00  -0.000000e+00 -1.000000e+00
    outer loop
      vertex -1.713451e+01  5.728432e+01 -5.000000e+00
      vertex -2.100000e+00  6.328203e+01 -5.000000e+00
      vertex -1.698936e+00  6.204768e+01 -5.000000e+00
    endloop
  endfacet
  facet normal  0.000000e+00  -0.000000e+00 -1.000000e+00
    outer loop
      vertex -1.713451e+01  5.728432e+01 -5.000000e+00
      vertex -1.698936e+00  6.204768e+01 -5.000000e+00
      vertex -6.489357e-01  6.128481e+01 -5.000000e+00
    endloop
  endfacet
  facet normal  0.000000e+00  0.000000e+00 -1.000000e+00
    outer loop
      vertex -1.713451e+01  5.728432e+01 -5.000000e+00
      vertex -6.489357e-01  6.128481e+01 -5.000000e+00
      vertex -2.485281e+01  5.021180e+01 -5.000000e+00
    endloop
  endfacet
  facet normal  0.000000e+00  0.000000e+00 -1.000000e+00
    outer loop
      vertex -2.618657e+01 -3.283692e+01 -5.000000e+00
      vertex -2.100000e+01 -3.637307e+01 -5.000000e+00
      vertex -5.375385e+01 -3.345967e+01 -5.000000e+00
    endloop
  endfacet
  facet normal  0.000000e+00  0.000000e+00 -1.000000e+00
    outer loop
      vertex -2.618657e+01 -3.283692e+01 -5.000000e+00
      vertex -5.375385e+01 -3.345967e+01 -5.000000e+00
      vertex -5.288540e+01 -3.249516e+01 -5.000000e+00
    endloop
  endfacet
  facet normal  0.000000e+00  0.000000e+00 -1.000000e+00
    outer loop
      vertex -2.618657e+01 -3.283692e+01 -5.000000e+00
      vertex -5.288540e+01 -3.249516e+01 -5.000000e+00
      vertex -5.274974e+01 -3.120440e+01 -5.000000e+00
    endloop
  endfacet
  facet normal  0.000000e+00  0.000000e+00 -9.999999e-01
    outer loop
      vertex -2.618657e+01 -3.283692e+01 -5.000000e+00
      vertex -5.274974e+01 -3.120440e+01 -5.000000e+00
      vertex -5.339867e+01 -3.008041e+01 -5.000000e+00
    endloop
  endfacet
  facet normal  0.000000e+00  0.000000e+00 -1.000000e+00
    outer loop
      vertex -2.618657e+01 -3.283692e+01 -5.000000e+00
      vertex -5.339867e+01 -3.008041e+01 -5.000000e+00
      vertex -5.458434e+01 -2.955252e+01 -5.000000e+00
    endloop
  endfacet
  facet normal  0.000000e+00  0.000000e+00 -1.000000e+00
    outer loop
      vertex -2.204364e-14 -5.071797e+01 -5.000000e+00
      vertex -1.045869e+01 -5.026133e+01 -5.000000e+00
      vertex -2.083778e+01 -4.889490e+01 -5.000000e+00
    endloop
  endfacet
  facet normal  0.000000e+00  0.000000e+00 -1.000000e+00
    outer loop
      vertex -2.204364e-14 -5.071797e+01 -5.000000e+00
      vertex -2.083778e+01 -4.889490e+01 -5.000000e+00
      vertex -3.105828e+01 -4.662907e+01 -5.000000e+00
    endloop
  endfacet
  facet normal  0.000000e+00  0.000000e+00 -9.999999e-01
    outer loop
      vertex -2.204364e-14 -5.071797e+01 -5.000000e+00
      vertex -3.105828e+01 -4.662907e+01 -5.000000e+00
      vertex -4.104242e+01 -4.348108e+01 -5.000000e+00
    endloop
  endfacet
  facet normal  0.000000e+00  0.000000e+00 -1.000000e+00
    outer loop
      vertex -2.204364e-14 -5.071797e+01 -5.000000e+00
      vertex -4.104242e+01 -4.348108e+01 -5.000000e+00
      vertex -3.138664e+00 -4.188256e+01 -5.000000e+00
    endloop
  endfacet
  facet normal  0.000000e+00  0.000000e+00 -1.000000e+00
    outer loop
      vertex -2.204364e-14 -5.071797e+01 -5.000000e+00
      vertex -3.138664e+00 -4.188256e+01 -5.000000e+00
      vertex  3.138664e+00 -4.188256e+01 -5.000000e+00
    endloop
  endfacet
  facet normal  0.000000e+00  -0.000000e+00 -1.000000e+00
    outer loop
      vertex -2.204364e-14 -5.071797e+01 -5.000000e+00
      vertex  3.138664e+00 -4.188256e+01 -5.000000e+00
      vertex  4.104242e+01 -4.348108e+01 -5.000000e+00
    endloop
  endfacet
  facet normal  0.000000e+00  0.000000e+00 -9.999999e-01
    outer loop
      vertex -2.204364e-14 -5.071797e+01 -5.000000e+00
      vertex  4.104242e+01 -4.348108e+01 -5.000000e+00
      vertex  3.105828e+01 -4.662907e+01 -5.000000e+00
    endloop
  endfacet
  facet normal  0.000000e+00  0.000000e+00 -1.000000e+00
    outer loop
      vertex -2.204364e-14 -5.071797e+01 -5.000000e+00
      vertex  3.105828e+01 -4.662907e+01 -5.000000e+00
      vertex  2.083778e+01 -4.889490e+01 -5.000000e+00
    endloop
  endfacet
  facet normal  0.000000e+00  0.000000e+00 -9.999999e-01
    outer loop
      vertex -2.204364e-14 -5.071797e+01 -5.000000e+00
      vertex  2.083778e+01 -4.889490e+01 -5.000000e+00
      vertex  1.045869e+01 -5.026133e+01 -5.000000e+00
    endloop
  endfacet
  facet normal  0.000000e+00  -0.000000e+00 -1.000000e+00
    outer loop
      vertex  2.618657e+01 -3.283692e+01 -5.000000e+00
      vertex  3.078818e+01 -2.856726e+01 -5.000000e+00
      vertex  5.458434e+01 -2.955252e+01 -5.000000e+00
    endloop
  endfacet
  facet normal  0.000000e+00  0.000000e+00 -1.000000e+00
    outer loop
      vertex  2.618657e+01 -3.283692e+01 -5.000000e+00
      vertex  5.458434e+01 -2.955252e+01 -5.000000e+00
      vertex  5.339867e+01 -3.008041e+01 -5.000000e+00
    endloop
  endfacet
  facet normal  0.000000e+00  0.000000e+00 -9.999999e-01
    outer loop
      vertex  2.618657e+01 -3.283692e+01 -5.000000e+00
      vertex  5.339867e+01 -3.008041e+01 -5.000000e+00
      vertex  5.274974e+01 -3.120440e+01 -5.000000e+00
    endloop
  endfacet
  facet normal  0.000000e+00  -0.000000e+00 -1.000000e+00
    outer loop
      vertex  2.618657e+01 -3.283692e+01 -5.000000e+00
      vertex  5.274974e+01 -3.120440e+01 -5.000000e+00
      vertex  5.288540e+01 -3.249516e+01 -5.000000e+00
    endloop
  endfacet
  facet normal  0.000000e+00  -0.000000e+00 -1.000000e+00
    outer loop
      vertex  2.618657e+01 -3.283692e+01 -5.000000e+00
      vertex  5.288540e+01 -3.249516e+01 -5.000000e+00
      vertex  5.375385e+01 -3.345967e+01 -5.000000e+00
    endloop
  endfacet
  facet normal  -0.000000e+00  0.000000e+00 -1.000000e+00
    outer loop
      vertex  2.618657e+01 -3.283692e+01 -5.000000e+00
      vertex  5.375385e+01 -3.345967e+01 -5.000000e+00
      vertex  2.100000e+01 -3.637307e+01 -5.000000e+00
    endloop
  endfacet
  facet normal  0.000000e+00  0.000000e+00 -1.000000e+00
    outer loop
      vertex  1.713451e+01  5.728432e+01 -5.000000e+00
      vertex  6.489357e-01  6.128481e+01 -5.000000e+00
      vertex  1.698936e+00  6.204768e+01 -5.000000e+00
    endloop
  endfacet
  facet normal  0.000000e+00  0.000000e+00 -1.000000e+00
    outer loop
      vertex  1.713451e+01  5.728432e+01 -5.000000e+00
      vertex  1.698936e+00  6.204768e+01 -5.000000e+00
      vertex  2.100000e+00  6.328203e+01 -5.000000e+00
    endloop
  endfacet
  facet normal  0.000000e+00  0.000000e+00 -1.000000e+00
    outer loop
      vertex  1.713451e+01  5.728432e+01 -5.000000e+00
      vertex  2.100000e+00  6.328203e+01 -5.000000e+00
      vertex  1.698936e+00  6.451638e+01 -5.000000e+00
    endloop
  endfacet
  facet normal  0.000000e+00  0.000000e+00 -1.000000e+00
    outer loop
      vertex  1.713451e+01  5.728432e+01 -5.000000e+00
      vertex  1.698936e+00  6.451638e+01 -5.000000e+00
      vertex  8.829172e+00  6.365723e+01 -5.000000e+00
    endloop
  endfacet
  facet normal  0.000000e+00  0.000000e+00 -1.000000e+00
    outer loop
      vertex  6.000000e+01 -3.464102e+01 -5.000000e+00
      vertex  5.071419e+01 -3.947490e+01 -5.000000e+00
      vertex  5.502336e+01 -3.372951e+01 -5.000000e+00
    endloop
  endfacet
  facet normal  0.000000e+00  0.000000e+00 -9.999999e-01
    outer loop
      vertex  6.000000e+01 -3.464102e+01 -5.000000e+00
      vertex  5.502336e+01 -3.372951e+01 -5.000000e+00
      vertex  5.620902e+01 -3.320162e+01 -5.000000e+00
    endloop
  endfacet
  facet normal  0.000000e+00  0.000000e+00 -1.000000e+00
    outer loop
      vertex  6.000000e+01 -3.464102e+01 -5.000000e+00
      vertex  5.620902e+01 -3.320162e+01 -5.000000e+00
      vertex  5.685796e+01 -3.207763e+01 -5.000000e+00
    endloop
  endfacet
  facet normal  0.000000e+00  0.000000e+00 -1.000000e+00
    outer loop
      vertex  6.000000e+01 -3.464102e+01 -5.000000e+00
      vertex  5.685796e+01 -3.207763e+01 -5.000000e+00
      vertex  5.672229e+01 -3.078687e+01 -5.000000e+00
    endloop
  endfacet
  facet normal  0.000000e+00  0.000000e+00 -1.000000e+00
    outer loop
      vertex  6.000000e+01 -3.464102e+01 -5.000000e+00
      vertex  5.672229e+01 -3.078687e+01 -5.000000e+00
      vertex  5.954337e+01 -2.418233e+01 -5.000000e+00
    endloop
  endfacet
  facet normal  0.000000e+00  -0.000000e+00 -1.000000e+00
    outer loop
      vertex  3.138664e+00  4.188256e+01 -5.000000e+00
      vertex  2.485281e+01  5.021180e+01 -5.000000e+00
      vertex  3.192533e+01  4.249350e+01 -5.000000e+00
    endloop
  endfacet
  facet normal  0.000000e+00  0.000000e+00 -9.999999e-01
    outer loop
      vertex  2.485281e+01  5.021180e+01 -5.000000e+00
      vertex  3.138664e+00  4.188256e+01 -5.000000e+00
      vertex  1.713451e+01  5.728432e+01 -5.000000e+00
    endloop
  endfacet
  facet normal  0.000000e+00  0.000000e+00 -1.000000e+00
    outer loop
      vertex  1.713451e+01  5.728432e+01 -5.000000e+00
      vertex  3.138664e+00  4.188256e+01 -5.000000e+00
      vertex -3.138664e+00  4.188256e+01 -5.000000e+00
    endloop
  endfacet
  facet normal  0.000000e+00  0.000000e+00 -1.000000e+00
    outer loop
      vertex  1.713451e+01  5.728432e+01 -5.000000e+00
      vertex -3.138664e+00  4.188256e+01 -5.000000e+00
      vertex  6.489357e-01  6.128481e+01 -5.000000e+00
    endloop
  endfacet
  facet normal  0.000000e+00  0.000000e+00 -9.999999e-01
    outer loop
      vertex  6.489357e-01  6.128481e+01 -5.000000e+00
      vertex -3.138664e+00  4.188256e+01 -5.000000e+00
      vertex -2.485281e+01  5.021180e+01 -5.000000e+00
    endloop
  endfacet
  facet normal  0.000000e+00  0.000000e+00 -1.000000e+00
    outer loop
      vertex  6.489357e-01  6.128481e+01 -5.000000e+00
      vertex -2.485281e+01  5.021180e+01 -5.000000e+00
      vertex -6.489357e-01  6.128481e+01 -5.000000e+00
    endloop
  endfacet
  facet normal  0.000000e+00  -0.000000e+00 -1.000000e+00
    outer loop
      vertex  1.534432e+01 -3.909670e+01 -5.000000e+00
      vertex  2.100000e+01 -3.637307e+01 -5.000000e+00
      vertex  5.071419e+01 -3.947490e+01 -5.000000e+00
    endloop
  endfacet
  facet normal  0.000000e+00  0.000000e+00 -1.000000e+00
    outer loop
      vertex  5.071419e+01 -3.947490e+01 -5.000000e+00
      vertex  2.100000e+01 -3.637307e+01 -5.000000e+00
      vertex  5.375385e+01 -3.345967e+01 -5.000000e+00
    endloop
  endfacet
  facet normal  0.000000e+00  -0.000000e+00 -1.000000e+00
    outer loop
      vertex  5.071419e+01 -3.947490e+01 -5.000000e+00
      vertex  5.375385e+01 -3.345967e+01 -5.000000e+00
      vertex  5.502336e+01 -3.372951e+01 -5.000000e+00
    endloop
  endfacet
  facet normal  0.000000e+00  -0.000000e+00 -1.000000e+00
    outer loop
      vertex  5.585385e+01 -2.982236e+01 -5.000000e+00
      vertex  5.817693e+01 -1.380324e+01 -5.000000e+00
      vertex  5.954337e+01 -2.418233e+01 -5.000000e+00
    endloop
  endfacet
  facet normal  0.000000e+00  0.000000e+00 -9.999999e-01
    outer loop
      vertex  5.817693e+01 -1.380324e+01 -5.000000e+00
      vertex  5.585385e+01 -2.982236e+01 -5.000000e+00
      vertex  5.591110e+01 -3.582731e+00 -5.000000e+00
    endloop
  endfacet
  facet normal  0.000000e+00  0.000000e+00 -1.000000e+00
    outer loop
      vertex  5.591110e+01 -3.582731e+00 -5.000000e+00
      vertex  5.585385e+01 -2.982236e+01 -5.000000e+00
      vertex  5.458434e+01 -2.955252e+01 -5.000000e+00
    endloop
  endfacet
  facet normal  0.000000e+00  0.000000e+00 -1.000000e+00
    outer loop
      vertex  5.591110e+01 -3.582731e+00 -5.000000e+00
      vertex  5.458434e+01 -2.955252e+01 -5.000000e+00
      vertex  5.276311e+01  6.401401e+00 -5.000000e+00
    endloop
  endfacet
  facet normal  0.000000e+00  -0.000000e+00 -1.000000e+00
    outer loop
      vertex  5.276311e+01  6.401401e+00 -5.000000e+00
      vertex  5.458434e+01 -2.955252e+01 -5.000000e+00
      vertex  3.470203e+01 -2.365944e+01 -5.000000e+00
    endloop
  endfacet
  facet normal  0.000000e+00  0.000000e+00 -9.999999e-01
    outer loop
      vertex  5.276311e+01  6.401401e+00 -5.000000e+00
      vertex  3.470203e+01 -2.365944e+01 -5.000000e+00
      vertex  3.784069e+01 -1.822312e+01 -5.000000e+00
    endloop
  endfacet
  facet normal  0.000000e+00  0.000000e+00 -1.000000e+00
    outer loop
      vertex -3.138664e+00 -4.188256e+01 -5.000000e+00
      vertex -4.104242e+01 -4.348108e+01 -5.000000e+00
      vertex -9.345880e+00 -4.094697e+01 -5.000000e+00
    endloop
  endfacet
  facet normal  -0.000000e+00  0.000000e+00 -1.000000e+00
    outer loop
      vertex -9.345880e+00 -4.094697e+01 -5.000000e+00
      vertex -4.104242e+01 -4.348108e+01 -5.000000e+00
      vertex -5.071419e+01 -3.947490e+01 -5.000000e+00
    endloop
  endfacet
  facet normal  0.000000e+00  0.000000e+00 -1.000000e+00
    outer loop
      vertex -9.345880e+00 -4.094697e+01 -5.000000e+00
      vertex -5.071419e+01 -3.947490e+01 -5.000000e+00
      vertex -1.534432e+01 -3.909670e+01 -5.000000e+00
    endloop
  endfacet
  facet normal  -0.000000e+00  0.000000e+00 -9.999999e-01
    outer loop
      vertex -1.534432e+01 -3.909670e+01 -5.000000e+00
      vertex -5.071419e+01 -3.947490e+01 -5.000000e+00
      vertex -5.375385e+01 -3.345967e+01 -5.000000e+00
    endloop
  endfacet
  facet normal  0.000000e+00  0.000000e+00 -1.000000e+00
    outer loop
      vertex -1.534432e+01 -3.909670e+01 -5.000000e+00
      vertex -5.375385e+01 -3.345967e+01 -5.000000e+00
      vertex -2.100000e+01 -3.637307e+01 -5.000000e+00
    endloop
  endfacet
  facet normal  0.000000e+00  0.000000e+00 -1.000000e+00
    outer loop
      vertex  6.489357e-01  6.527925e+01 -5.000000e+00
      vertex -6.489357e-01  6.527925e+01 -5.000000e+00
      vertex  1.421085e-13  6.928204e+01 -5.000000e+00
    endloop
  endfacet
  facet normal  0.000000e+00  0.000000e+00 -1.000000e+00
    outer loop
      vertex  1.421085e-13  6.928204e+01 -5.000000e+00
      vertex -6.489357e-01  6.527925e+01 -5.000000e+00
      vertex -1.698936e+00  6.451638e+01 -5.000000e+00
    endloop
  endfacet
  facet normal  -0.000000e+00  0.000000e+00 -1.000000e+00
    outer loop
      vertex  1.421085e-13  6.928204e+01 -5.000000e+00
      vertex -1.698936e+00  6.451638e+01 -5.000000e+00
      vertex -8.829172e+00  6.365723e+01 -5.000000e+00
    endloop
  endfacet
  facet normal  0.000000e+00  0.000000e+00 -1.000000e+00
    outer loop
      vertex -2.100000e+01  3.637307e+01 -5.000000e+00
      vertex -2.618657e+01  3.283692e+01 -5.000000e+00
      vertex -3.829824e+01  3.418816e+01 -5.000000e+00
    endloop
  endfacet
  facet normal  0.000000e+00  0.000000e+00 -1.000000e+00
    outer loop
      vertex -3.829824e+01  3.418816e+01 -5.000000e+00
      vertex -2.618657e+01  3.283692e+01 -5.000000e+00
      vertex -3.078818e+01  2.856726e+01 -5.000000e+00
    endloop
  endfacet
  facet normal  -0.000000e+00  0.000000e+00 -1.000000e+00
    outer loop
      vertex -3.829824e+01  3.418816e+01 -5.000000e+00
      vertex -3.078818e+01  2.856726e+01 -5.000000e+00
      vertex -4.392305e+01  2.535898e+01 -5.000000e+00
    endloop
  endfacet
  facet normal  0.000000e+00  0.000000e+00 -1.000000e+00
    outer loop
      vertex -4.153090e+01  6.259775e+00 -5.000000e+00
      vertex -5.276311e+01  6.401401e+00 -5.000000e+00
      vertex -4.013406e+01  1.237972e+01 -5.000000e+00
    endloop
  endfacet
  facet normal  -0.000000e+00  0.000000e+00 -1.000000e+00
    outer loop
      vertex -4.013406e+01  1.237972e+01 -5.000000e+00
      vertex -5.276311e+01  6.401401e+00 -5.000000e+00
      vertex -4.875694e+01  1.607318e+01 -5.000000e+00
    endloop
  endfacet
  facet normal  0.000000e+00  0.000000e+00 -1.000000e+00
    outer loop
      vertex -4.013406e+01  1.237972e+01 -5.000000e+00
      vertex -4.875694e+01  1.607318e+01 -5.000000e+00
      vertex -3.784069e+01  1.822312e+01 -5.000000e+00
    endloop
  endfacet
  facet normal  -0.000000e+00  0.000000e+00 -9.999999e-01
    outer loop
      vertex -3.784069e+01  1.822312e+01 -5.000000e+00
      vertex -4.875694e+01  1.607318e+01 -5.000000e+00
      vertex -4.392305e+01  2.535898e+01 -5.000000e+00
    endloop
  endfacet
  facet normal  0.000000e+00  0.000000e+00 -9.999999e-01
    outer loop
      vertex -3.784069e+01  1.822312e+01 -5.000000e+00
      vertex -4.392305e+01  2.535898e+01 -5.000000e+00
      vertex -3.470203e+01  2.365944e+01 -5.000000e+00
    endloop
  endfacet
  facet normal  0.000000e+00  -0.000000e+00 -1.000000e+00
    outer loop
      vertex  3.138664e+00 -4.188256e+01 -5.000000e+00
      vertex  9.345880e+00 -4.094697e+01 -5.000000e+00
      vertex  4.104242e+01 -4.348108e+01 -5.000000e+00
    endloop
  endfacet
  facet normal  0.000000e+00  0.000000e+00 -9.999999e-01
    outer loop
      vertex  4.104242e+01 -4.348108e+01 -5.000000e+00
      vertex  9.345880e+00 -4.094697e+01 -5.000000e+00
      vertex  1.534432e+01 -3.909670e+01 -5.000000e+00
    endloop
  endfacet
  facet normal  0.000000e+00  0.000000e+00 -1.000000e+00
    outer loop
      vertex  4.104242e+01 -4.348108e+01 -5.000000e+00
      vertex  1.534432e+01 -3.909670e+01 -5.000000e+00
      vertex  5.071419e+01 -3.947490e+01 -5.000000e+00
    endloop
  endfacet
  facet normal  0.000000e+00  0.000000e+00 -1.000000e+00
    outer loop
      vertex  1.698936e+00  6.451638e+01 -5.000000e+00
      vertex  6.489357e-01  6.527925e+01 -5.000000e+00
      vertex  8.829172e+00  6.365723e+01 -5.000000e+00
    endloop
  endfacet
  facet normal  0.000000e+00  0.000000e+00 -1.000000e+00
    outer loop
      vertex  8.829172e+00  6.365723e+01 -5.000000e+00
      vertex  6.489357e-01  6.527925e+01 -5.000000e+00
      vertex  1.421085e-13  6.928204e+01 -5.000000e+00
    endloop
  endfacet
  facet normal  -0.000000e+00  0.000000e+00 -1.000000e+00
    outer loop
      vertex  2.100000e+01  3.637307e+01 -5.000000e+00
      vertex  3.829824e+01  3.418816e+01 -5.000000e+00
      vertex  2.618657e+01  3.283692e+01 -5.000000e+00
    endloop
  endfacet
  facet normal  0.000000e+00  0.000000e+00 -9.999999e-01
    outer loop
      vertex  2.618657e+01  3.283692e+01 -5.000000e+00
      vertex  3.829824e+01  3.418816e+01 -5.000000e+00
      vertex  4.392305e+01  2.535898e+01 -5.000000e+00
    endloop
  endfacet
  facet normal  0.000000e+00  0.000000e+00 -1.000000e+00
    outer loop
      vertex  2.618657e+01  3.283692e+01 -5.000000e+00
      vertex  4.392305e+01  2.535898e+01 -5.000000e+00
      vertex  3.078818e+01  2.856726e+01 -5.000000e+00
    endloop
  endfacet
  facet normal  0.000000e+00  0.000000e+00 -1.000000e+00
    outer loop
      vertex  4.153090e+01  6.259775e+00 -5.000000e+00
      vertex  4.013406e+01  1.237972e+01 -5.000000e+00
      vertex  5.276311e+01  6.401401e+00 -5.000000e+00
    endloop
  endfacet
  facet normal  0.000000e+00  0.000000e+00 -1.000000e+00
    outer loop
      vertex  5.276311e+01  6.401401e+00 -5.000000e+00
      vertex  4.013406e+01  1.237972e+01 -5.000000e+00
      vertex  3.784069e+01  1.822312e+01 -5.000000e+00
    endloop
  endfacet
  facet normal  0.000000e+00  0.000000e+00 -1.000000e+00
    outer loop
      vertex  5.276311e+01  6.401401e+00 -5.000000e+00
      vertex  3.784069e+01  1.822312e+01 -5.000000e+00
      vertex  4.875694e+01  1.607318e+01 -5.000000e+00
    endloop
  endfacet
  facet normal  0.000000e+00  0.000000e+00 -1.000000e+00
    outer loop
      vertex  4.875694e+01  1.607318e+01 -5.000000e+00
      vertex  3.784069e+01  1.822312e+01 -5.000000e+00
      vertex  3.470203e+01  2.365944e+01 -5.000000e+00
    endloop
  endfacet
  facet normal  0.000000e+00  0.000000e+00 -1.000000e+00
    outer loop
      vertex  4.875694e+01  1.607318e+01 -5.000000e+00
      vertex  3.470203e+01  2.365944e+01 -5.000000e+00
      vertex  4.392305e+01  2.535898e+01 -5.000000e+00
    endloop
  endfacet
  facet normal  -0.000000e+00  0.000000e+00  1.000000e+00
    outer loop
      vertex  3.192533e+01  4.249350e+01  0.000000e+00
      vertex  9.345880e+00  4.094697e+01  0.000000e+00
      vertex  3.829824e+01  3.418816e+01  0.000000e+00
    endloop
  endfacet
  facet normal  -0.000000e+00  0.000000e+00  1.000000e+00
    outer loop
      vertex  3.192533e+01  4.249350e+01  0.000000e+00
      vertex  3.138664e+00  4.188256e+01  0.000000e+00
      vertex  9.345880e+00  4.094697e+01  0.000000e+00
    endloop
  endfacet
  facet normal  0.000000e+00  0.000000e+00  1.000000e+00
    outer loop
      vertex  4.200000e+01  0.000000e+00  0.000000e+00
      vertex  5.276311e+01  6.401401e+00  0.000000e+00
      vertex  4.153090e+01  6.259775e+00  0.000000e+00
    endloop
  endfacet
  facet normal  0.000000e+00  0.000000e+00  1.000000e+00
    outer loop
      vertex  4.200000e+01  0.000000e+00  0.000000e+00
      vertex  4.153090e+01 -6.259775e+00  0.000000e+00
      vertex  5.276311e+01  6.401401e+00  0.000000e+00
    endloop
  endfacet
  facet normal  0.000000e+00  0.000000e+00  1.000000e+00
    outer loop
      vertex  3.784069e+01 -1.822312e+01  0.000000e+00
      vertex  5.276311e+01  6.401401e+00  0.000000e+00
      vertex  4.013406e+01 -1.237972e+01  0.000000e+00
    endloop
  endfacet
  facet normal  0.000000e+00  0.000000e+00  1.000000e+00
    outer loop
      vertex  4.013406e+01 -1.237972e+01  0.000000e+00
      vertex  5.276311e+01  6.401401e+00  0.000000e+00
      vertex  4.153090e+01 -6.259775e+00  0.000000e+00
    endloop
  endfacet
  facet normal  -0.000000e+00  0.000000e+00  1.000000e+00
    outer loop
      vertex -5.375385e+01 -3.345967e+01  0.000000e+00
      vertex -5.502336e+01 -3.372951e+01  0.000000e+00
      vertex -5.071419e+01 -3.947490e+01  0.000000e+00
    endloop
  endfacet
  facet normal  0.000000e+00  0.000000e+00  1.000000e+00
    outer loop
      vertex -5.954337e+01 -2.418233e+01  0.000000e+00
      vertex -5.591110e+01 -3.582731e+00  0.000000e+00
      vertex -5.817693e+01 -1.380324e+01  0.000000e+00
    endloop
  endfacet
  facet normal  0.000000e+00  0.000000e+00  1.000000e+00
    outer loop
      vertex -4.200000e+01  5.143517e-15  0.000000e+00
      vertex -4.153090e+01  6.259775e+00  0.000000e+00
      vertex -5.276311e+01  6.401401e+00  0.000000e+00
    endloop
  endfacet
  facet normal  0.000000e+00  0.000000e+00  9.999999e-01
    outer loop
      vertex -2.100000e+00  6.328203e+01  0.000000e+00
      vertex -1.698936e+00  6.451638e+01  0.000000e+00
      vertex -8.829172e+00  6.365723e+01  0.000000e+00
    endloop
  endfacet
  facet normal  0.000000e+00  0.000000e+00  1.000000e+00
    outer loop
      vertex -1.534432e+01  3.909670e+01  0.000000e+00
      vertex -9.345880e+00  4.094697e+01  0.000000e+00
      vertex -3.829824e+01  3.418816e+01  0.000000e+00
    endloop
  endfacet
  facet normal  0.000000e+00  0.000000e+00  1.000000e+00
    outer loop
      vertex -2.100000e+01  3.637307e+01  0.000000e+00
      vertex -1.534432e+01  3.909670e+01  0.000000e+00
      vertex -3.829824e+01  3.418816e+01  0.000000e+00
    endloop
  endfacet
  facet normal  -0.000000e+00  0.000000e+00  1.000000e+00
    outer loop
      vertex -3.078818e+01  2.856726e+01  0.000000e+00
      vertex -4.392305e+01  2.535898e+01  0.000000e+00
      vertex -3.470203e+01  2.365944e+01  0.000000e+00
    endloop
  endfacet
  facet normal  0.000000e+00  0.000000e+00  1.000000e+00
    outer loop
      vertex  3.829824e+01  3.418816e+01  0.000000e+00
      vertex  9.345880e+00  4.094697e+01  0.000000e+00
      vertex  1.534432e+01  3.909670e+01  0.000000e+00
    endloop
  endfacet
  facet normal  0.000000e+00  0.000000e+00  1.000000e+00
    outer loop
      vertex  3.829824e+01  3.418816e+01  0.000000e+00
      vertex  1.534432e+01  3.909670e+01  0.000000e+00
      vertex  2.100000e+01  3.637307e+01  0.000000e+00
    endloop
  endfacet
  facet normal  0.000000e+00  -0.000000e+00  9.999999e-01
    outer loop
      vertex  3.078818e+01  2.856726e+01  0.000000e+00
      vertex  3.470203e+01  2.365944e+01  0.000000e+00
      vertex  4.392305e+01  2.535898e+01  0.000000e+00
    endloop
  endfacet
  facet normal  0.000000e+00  0.000000e+00  1.000000e+00
    outer loop
      vertex  5.458434e+01 -2.955252e+01  0.000000e+00
      vertex  3.470203e+01 -2.365944e+01  0.000000e+00
      vertex  3.078818e+01 -2.856726e+01  0.000000e+00
    endloop
  endfacet
  facet normal  0.000000e+00  -0.000000e+00  1.000000e+00
    outer loop
      vertex  5.585385e+01 -2.982236e+01  0.000000e+00
      vertex  5.672229e+01 -3.078687e+01  0.000000e+00
      vertex  5.954337e+01 -2.418233e+01  0.000000e+00
    endloop
  endfacet
  facet normal  0.000000e+00  -0.000000e+00  9.999999e-01
    outer loop
      vertex -5.585385e+01 -2.982236e+01  0.000000e+00
      vertex -5.458434e+01 -2.955252e+01  0.000000e+00
      vertex -5.276311e+01  6.401401e+00  0.000000e+00
    endloop
  endfacet
  facet normal  0.000000e+00  0.000000e+00  1.000000e+00
    outer loop
      vertex -5.585385e+01 -2.982236e+01  0.000000e+00
      vertex -5.276311e+01  6.401401e+00  0.000000e+00
      vertex -5.591110e+01 -3.582731e+00  0.000000e+00
    endloop
  endfacet
  facet normal  0.000000e+00  0.000000e+00  1.000000e+00
    outer loop
      vertex -5.585385e+01 -2.982236e+01  0.000000e+00
      vertex -5.591110e+01 -3.582731e+00  0.000000e+00
      vertex -5.954337e+01 -2.418233e+01  0.000000e+00
    endloop
  endfacet
  facet normal  0.000000e+00  0.000000e+00  1.000000e+00
    outer loop
      vertex -5.585385e+01 -2.982236e+01  0.000000e+00
      vertex -5.954337e+01 -2.418233e+01  0.000000e+00
      vertex -5.672229e+01 -3.078687e+01  0.000000e+00
    endloop
  endfacet
  facet normal  0.000000e+00  0.000000e+00  1.000000e+00
    outer loop
      vertex -5.458434e+01 -2.955252e+01  0.000000e+00
      vertex -2.618657e+01 -3.283692e+01  0.000000e+00
      vertex -3.078818e+01 -2.856726e+01  0.000000e+00
    endloop
  endfacet
  facet normal  0.000000e+00  0.000000e+00  1.000000e+00
    outer loop
      vertex -5.458434e+01 -2.955252e+01  0.000000e+00
      vertex -3.078818e+01 -2.856726e+01  0.000000e+00
      vertex -3.470203e+01 -2.365944e+01  0.000000e+00
    endloop
  endfacet
  facet normal  0.000000e+00  0.000000e+00  1.000000e+00
    outer loop
      vertex -5.458434e+01 -2.955252e+01  0.000000e+00
      vertex -3.470203e+01 -2.365944e+01  0.000000e+00
      vertex -3.784069e+01 -1.822312e+01  0.000000e+00
    endloop
  endfacet
  facet normal  0.000000e+00  0.000000e+00  9.999999e-01
    outer loop
      vertex -5.458434e+01 -2.955252e+01  0.000000e+00
      vertex -3.784069e+01 -1.822312e+01  0.000000e+00
      vertex -4.013406e+01 -1.237972e+01  0.000000e+00
    endloop
  endfacet
  facet normal  0.000000e+00  0.000000e+00  1.000000e+00
    outer loop
      vertex -5.458434e+01 -2.955252e+01  0.000000e+00
      vertex -4.013406e+01 -1.237972e+01  0.000000e+00
      vertex -4.153090e+01 -6.259775e+00  0.000000e+00
    endloop
  endfacet
  facet normal  0.000000e+00  0.000000e+00  1.000000e+00
    outer loop
      vertex -5.458434e+01 -2.955252e+01  0.000000e+00
      vertex -4.153090e+01 -6.259775e+00  0.000000e+00
      vertex -4.200000e+01  5.143517e-15  0.000000e+00
    endloop
  endfacet
  facet normal  0.000000e+00  0.000000e+00  9.999999e-01
    outer loop
      vertex -5.458434e+01 -2.955252e+01  0.000000e+00
      vertex -4.200000e+01  5.143517e-15  0.000000e+00
      vertex -5.276311e+01  6.401401e+00  0.000000e+00
    endloop
  endfacet
  facet normal  0.000000e+00  0.000000e+00  1.000000e+00
    outer loop
      vertex -6.000000e+01 -3.464102e+01  0.000000e+00
      vertex -5.071419e+01 -3.947490e+01  0.000000e+00
      vertex -5.502336e+01 -3.372951e+01  0.000000e+00
    endloop
  endfacet
  facet normal  0.000000e+00  0.000000e+00  9.999999e-01
    outer loop
      vertex -6.000000e+01 -3.464102e+01  0.000000e+00
      vertex -5.502336e+01 -3.372951e+01  0.000000e+00
      vertex -5.620902e+01 -3.320162e+01  0.000000e+00
    endloop
  endfacet
  facet normal  0.000000e+00  0.000000e+00  1.000000e+00
    outer loop
      vertex -6.000000e+01 -3.464102e+01  0.000000e+00
      vertex -5.620902e+01 -3.320162e+01  0.000000e+00
      vertex -5.685796e+01 -3.207763e+01  0.000000e+00
    endloop
  endfacet
  facet normal  0.000000e+00  -0.000000e+00  1.000000e+00
    outer loop
      vertex -6.000000e+01 -3.464102e+01  0.000000e+00
      vertex -5.685796e+01 -3.207763e+01  0.000000e+00
      vertex -5.672229e+01 -3.078687e+01  0.000000e+00
    endloop
  endfacet
  facet normal  0.000000e+00  0.000000e+00  1.000000e+00
    outer loop
      vertex -6.000000e+01 -3.464102e+01  0.000000e+00
      vertex -5.672229e+01 -3.078687e+01  0.000000e+00
      vertex -5.954337e+01 -2.418233e+01  0.000000e+00
    endloop
  endfacet
  facet normal  0.000000e+00  0.000000e+00  1.000000e+00
    outer loop
      vertex -3.192533e+01  4.249350e+01  0.000000e+00
      vertex -3.829824e+01  3.418816e+01  0.000000e+00
      vertex -9.345880e+00  4.094697e+01  0.000000e+00
    endloop
  endfacet
  facet normal  0.000000e+00  -0.000000e+00  1.000000e+00
    outer loop
      vertex -3.192533e+01  4.249350e+01  0.000000e+00
      vertex -9.345880e+00  4.094697e+01  0.000000e+00
      vertex -3.138664e+00  4.188256e+01  0.000000e+00
    endloop
  endfacet
  facet normal  0.000000e+00  0.000000e+00  1.000000e+00
    outer loop
      vertex -3.192533e+01  4.249350e+01  0.000000e+00
      vertex -3.138664e+00  4.188256e+01  0.000000e+00
      vertex -2.485281e+01  5.021180e+01  0.000000e+00
    endloop
  endfacet
  facet normal  0.000000e+00  0.000000e+00  1.000000e+00
    outer loop
      vertex -1.713451e+01  5.728432e+01  0.000000e+00
      vertex -2.485281e+01  5.021180e+01  0.000000e+00
      vertex -6.489357e-01  6.128481e+01  0.000000e+00
    endloop
  endfacet
  facet normal  0.000000e+00  0.000000e+00  1.000000e+00
    outer loop
      vertex -1.713451e+01  5.728432e+01  0.000000e+00
      vertex -6.489357e-01  6.128481e+01  0.000000e+00
      vertex -1.698936e+00  6.204768e+01  0.000000e+00
    endloop
  endfacet
  facet normal  0.000000e+00  0.000000e+00  1.000000e+00
    outer loop
      vertex -1.713451e+01  5.728432e+01  0.000000e+00
      vertex -1.698936e+00  6.204768e+01  0.000000e+00
      vertex -2.100000e+00  6.328203e+01  0.000000e+00
    endloop
  endfacet
  facet normal  0.000000e+00  0.000000e+00  1.000000e+00
    outer loop
      vertex -1.713451e+01  5.728432e+01  0.000000e+00
      vertex -2.100000e+00  6.328203e+01  0.000000e+00
      vertex -8.829172e+00  6.365723e+01  0.000000e+00
    endloop
  endfacet
  facet normal  0.000000e+00  0.000000e+00  1.000000e+00
    outer loop
      vertex -2.618657e+01 -3.283692e+01  0.000000e+00
      vertex -5.458434e+01 -2.955252e+01  0.000000e+00
      vertex -5.339867e+01 -3.008041e+01  0.000000e+00
    endloop
  endfacet
  facet normal  0.000000e+00  0.000000e+00  9.999999e-01
    outer loop
      vertex -2.618657e+01 -3.283692e+01  0.000000e+00
      vertex -5.339867e+01 -3.008041e+01  0.000000e+00
      vertex -5.274974e+01 -3.120440e+01  0.000000e+00
    endloop
  endfacet
  facet normal  0.000000e+00  0.000000e+00  1.000000e+00
    outer loop
      vertex -2.618657e+01 -3.283692e+01  0.000000e+00
      vertex -5.274974e+01 -3.120440e+01  0.000000e+00
      vertex -5.288540e+01 -3.249516e+01  0.000000e+00
    endloop
  endfacet
  facet normal  0.000000e+00  0.000000e+00  1.000000e+00
    outer loop
      vertex -2.618657e+01 -3.283692e+01  0.000000e+00
      vertex -5.288540e+01 -3.249516e+01  0.000000e+00
      vertex -5.375385e+01 -3.345967e+01  0.000000e+00
    endloop
  endfacet
  facet normal  -0.000000e+00  0.000000e+00  1.000000e+00
    outer loop
      vertex -2.618657e+01 -3.283692e+01  0.000000e+00
      vertex -5.375385e+01 -3.345967e+01  0.000000e+00
      vertex -2.100000e+01 -3.637307e+01  0.000000e+00
    endloop
  endfacet
  facet normal  0.000000e+00  -0.000000e+00  1.000000e+00
    outer loop
      vertex -2.204364e-14 -5.071797e+01  0.000000e+00
      vertex  1.045869e+01 -5.026133e+01  0.000000e+00
      vertex  2.083778e+01 -4.889490e+01  0.000000e+00
    endloop
  endfacet
  facet normal  0.000000e+00  -0.000000e+00  1.000000e+00
    outer loop
      vertex -2.204364e-14 -5.071797e+01  0.000000e+00
      vertex  2.083778e+01 -4.889490e+01  0.000000e+00
      vertex  3.105828e+01 -4.662907e+01  0.000000e+00
    endloop
  endfacet
  facet normal  0.000000e+00  -0.000000e+00  9.999999e-01
    outer loop
      vertex -2.204364e-14 -5.071797e+01  0.000000e+00
      vertex  3.105828e+01 -4.662907e+01  0.000000e+00
      vertex  4.104242e+01 -4.348108e+01  0.000000e+00
    endloop
  endfacet
  facet normal  0.000000e+00  0.000000e+00  1.000000e+00
    outer loop
      vertex -2.204364e-14 -5.071797e+01  0.000000e+00
      vertex  4.104242e+01 -4.348108e+01  0.000000e+00
      vertex  3.138664e+00 -4.188256e+01  0.000000e+00
    endloop
  endfacet
  facet normal  0.000000e+00  0.000000e+00  1.000000e+00
    outer loop
      vertex -2.204364e-14 -5.071797e+01  0.000000e+00
      vertex  3.138664e+00 -4.188256e+01  0.000000e+00
      vertex -3.138664e+00 -4.188256e+01  0.000000e+00
    endloop
  endfacet
  facet normal  0.000000e+00  0.000000e+00  1.000000e+00
    outer loop
      vertex -2.204364e-14 -5.071797e+01  0.000000e+00
      vertex -3.138664e+00 -4.188256e+01  0.000000e+00
      vertex -4.104242e+01 -4.348108e+01  0.000000e+00
    endloop
  endfacet
  facet normal  0.000000e+00  0.000000e+00  9.999999e-01
    outer loop
      vertex -2.204364e-14 -5.071797e+01  0.000000e+00
      vertex -4.104242e+01 -4.348108e+01  0.000000e+00
      vertex -3.105828e+01 -4.662907e+01  0.000000e+00
    endloop
  endfacet
  facet normal  0.000000e+00  0.000000e+00  1.000000e+00
    outer loop
      vertex -2.204364e-14 -5.071797e+01  0.000000e+00
      vertex -3.105828e+01 -4.662907e+01  0.000000e+00
      vertex -2.083778e+01 -4.889490e+01  0.000000e+00
    endloop
  endfacet
  facet normal  0.000000e+00  0.000000e+00  9.999999e-01
    outer loop
      vertex -2.204364e-14 -5.071797e+01  0.000000e+00
      vertex -2.083778e+01 -4.889490e+01  0.000000e+00
      vertex -1.045869e+01 -5.026133e+01  0.000000e+00
    endloop
  endfacet
  facet normal  0.000000e+00  0.000000e+00  1.000000e+00
    outer loop
      vertex  2.618657e+01 -3.283692e+01  0.000000e+00
      vertex  2.100000e+01 -3.637307e+01  0.000000e+00
      vertex  5.375385e+01 -3.345967e+01  0.000000e+00
    endloop
  endfacet
  facet normal  0.000000e+00  0.000000e+00  1.000000e+00
    outer loop
      vertex  2.618657e+01 -3.283692e+01  0.000000e+00
      vertex  5.375385e+01 -3.345967e+01  0.000000e+00
      vertex  5.288540e+01 -3.249516e+01  0.000000e+00
    endloop
  endfacet
  facet normal  0.000000e+00  0.000000e+00  1.000000e+00
    outer loop
      vertex  2.618657e+01 -3.283692e+01  0.000000e+00
      vertex  5.288540e+01 -3.249516e+01  0.000000e+00
      vertex  5.274974e+01 -3.120440e+01  0.000000e+00
    endloop
  endfacet
  facet normal  0.000000e+00  -0.000000e+00  9.999999e-01
    outer loop
      vertex  2.618657e+01 -3.283692e+01  0.000000e+00
      vertex  5.274974e+01 -3.120440e+01  0.000000e+00
      vertex  5.339867e+01 -3.008041e+01  0.000000e+00
    endloop
  endfacet
  facet normal  0.000000e+00  -0.000000e+00  1.000000e+00
    outer loop
      vertex  2.618657e+01 -3.283692e+01  0.000000e+00
      vertex  5.339867e+01 -3.008041e+01  0.000000e+00
      vertex  5.458434e+01 -2.955252e+01  0.000000e+00
    endloop
  endfacet
  facet normal  0.000000e+00  0.000000e+00  1.000000e+00
    outer loop
      vertex  2.618657e+01 -3.283692e+01  0.000000e+00
      vertex  5.458434e+01 -2.955252e+01  0.000000e+00
      vertex  3.078818e+01 -2.856726e+01  0.000000e+00
    endloop
  endfacet
  facet normal  0.000000e+00  0.000000e+00  1.000000e+00
    outer loop
      vertex  1.713451e+01  5.728432e+01  0.000000e+00
      vertex  8.829172e+00  6.365723e+01  0.000000e+00
      vertex  1.698936e+00  6.451638e+01  0.000000e+00
    endloop
  endfacet
  facet normal  0.000000e+00  0.000000e+00  1.000000e+00
    outer loop
      vertex  1.713451e+01  5.728432e+01  0.000000e+00
      vertex  1.698936e+00  6.451638e+01  0.000000e+00
      vertex  2.100000e+00  6.328203e+01  0.000000e+00
    endloop
  endfacet
  facet normal  0.000000e+00  0.000000e+00  1.000000e+00
    outer loop
      vertex  1.713451e+01  5.728432e+01  0.000000e+00
      vertex  2.100000e+00  6.328203e+01  0.000000e+00
      vertex  1.698936e+00  6.204768e+01  0.000000e+00
    endloop
  endfacet
  facet normal  0.000000e+00  0.000000e+00  1.000000e+00
    outer loop
      vertex  1.713451e+01  5.728432e+01  0.000000e+00
      vertex  1.698936e+00  6.204768e+01  0.000000e+00
      vertex  6.489357e-01  6.128481e+01  0.000000e+00
    endloop
  endfacet
  facet normal  0.000000e+00  0.000000e+00  1.000000e+00
    outer loop
      vertex  6.000000e+01 -3.464102e+01  0.000000e+00
      vertex  5.954337e+01 -2.418233e+01  0.000000e+00
      vertex  5.672229e+01 -3.078687e+01  0.000000e+00
    endloop
  endfacet
  facet normal  0.000000e+00  0.000000e+00  1.000000e+00
    outer loop
      vertex  6.000000e+01 -3.464102e+01  0.000000e+00
      vertex  5.672229e+01 -3.078687e+01  0.000000e+00
      vertex  5.685796e+01 -3.207763e+01  0.000000e+00
    endloop
  endfacet
  facet normal  0.000000e+00  0.000000e+00  1.000000e+00
    outer loop
      vertex  6.000000e+01 -3.464102e+01  0.000000e+00
      vertex  5.685796e+01 -3.207763e+01  0.000000e+00
      vertex  5.620902e+01 -3.320162e+01  0.000000e+00
    endloop
  endfacet
  facet normal  0.000000e+00  0.000000e+00  1.000000e+00
    outer loop
      vertex  6.000000e+01 -3.464102e+01  0.000000e+00
      vertex  5.620902e+01 -3.320162e+01  0.000000e+00
      vertex  5.502336e+01 -3.372951e+01  0.000000e+00
    endloop
  endfacet
  facet normal  0.000000e+00  0.000000e+00  1.000000e+00
    outer loop
      vertex  6.000000e+01 -3.464102e+01  0.000000e+00
      vertex  5.502336e+01 -3.372951e+01  0.000000e+00
      vertex  5.071419e+01 -3.947490e+01  0.000000e+00
    endloop
  endfacet
  facet normal  0.000000e+00  0.000000e+00  1.000000e+00
    outer loop
      vertex  3.192533e+01  4.249350e+01  0.000000e+00
      vertex  2.485281e+01  5.021180e+01  0.000000e+00
      vertex  3.138664e+00  4.188256e+01  0.000000e+00
    endloop
  endfacet
  facet normal  0.000000e+00  0.000000e+00  9.999999e-01
    outer loop
      vertex  3.138664e+00  4.188256e+01  0.000000e+00
      vertex  2.485281e+01  5.021180e+01  0.000000e+00
      vertex  1.713451e+01  5.728432e+01  0.000000e+00
    endloop
  endfacet
  facet normal  0.000000e+00  0.000000e+00  1.000000e+00
    outer loop
      vertex  3.138664e+00  4.188256e+01  0.000000e+00
      vertex  1.713451e+01  5.728432e+01  0.000000e+00
      vertex -3.138664e+00  4.188256e+01  0.000000e+00
    endloop
  endfacet
  facet normal  0.000000e+00  0.000000e+00  1.000000e+00
    outer loop
      vertex -3.138664e+00  4.188256e+01  0.000000e+00
      vertex  1.713451e+01  5.728432e+01  0.000000e+00
      vertex  6.489357e-01  6.128481e+01  0.000000e+00
    endloop
  endfacet
  facet normal  0.000000e+00  0.000000e+00  9.999999e-01
    outer loop
      vertex -3.138664e+00  4.188256e+01  0.000000e+00
      vertex  6.489357e-01  6.128481e+01  0.000000e+00
      vertex -2.485281e+01  5.021180e+01  0.000000e+00
    endloop
  endfacet
  facet normal  0.000000e+00  0.000000e+00  1.000000e+00
    outer loop
      vertex -2.485281e+01  5.021180e+01  0.000000e+00
      vertex  6.489357e-01  6.128481e+01  0.000000e+00
      vertex -6.489357e-01  6.128481e+01  0.000000e+00
    endloop
  endfacet
  facet normal  0.000000e+00  0.000000e+00  1.000000e+00
    outer loop
      vertex  5.502336e+01 -3.372951e+01  0.000000e+00
      vertex  5.375385e+01 -3.345967e+01  0.000000e+00
      vertex  5.071419e+01 -3.947490e+01  0.000000e+00
    endloop
  endfacet
  facet normal  0.000000e+00  -0.000000e+00  1.000000e+00
    outer loop
      vertex  5.071419e+01 -3.947490e+01  0.000000e+00
      vertex  5.375385e+01 -3.345967e+01  0.000000e+00
      vertex  2.100000e+01 -3.637307e+01  0.000000e+00
    endloop
  endfacet
  facet normal  0.000000e+00  0.000000e+00  1.000000e+00
    outer loop
      vertex  5.071419e+01 -3.947490e+01  0.000000e+00
      vertex  2.100000e+01 -3.637307e+01  0.000000e+00
      vertex  1.534432e+01 -3.909670e+01  0.000000e+00
    endloop
  endfacet
  facet normal  0.000000e+00  0.000000e+00  1.000000e+00
    outer loop
      vertex  5.954337e+01 -2.418233e+01  0.000000e+00
      vertex  5.817693e+01 -1.380324e+01  0.000000e+00
      vertex  5.585385e+01 -2.982236e+01  0.000000e+00
    endloop
  endfacet
  facet normal  0.000000e+00  0.000000e+00  9.999999e-01
    outer loop
      vertex  5.585385e+01 -2.982236e+01  0.000000e+00
      vertex  5.817693e+01 -1.380324e+01  0.000000e+00
      vertex  5.591110e+01 -3.582731e+00  0.000000e+00
    endloop
  endfacet
  facet normal  0.000000e+00  0.000000e+00  1.000000e+00
    outer loop
      vertex  5.585385e+01 -2.982236e+01  0.000000e+00
      vertex  5.591110e+01 -3.582731e+00  0.000000e+00
      vertex  5.458434e+01 -2.955252e+01  0.000000e+00
    endloop
  endfacet
  facet normal  0.000000e+00  -0.000000e+00  1.000000e+00
    outer loop
      vertex  5.458434e+01 -2.955252e+01  0.000000e+00
      vertex  5.591110e+01 -3.582731e+00  0.000000e+00
      vertex  5.276311e+01  6.401401e+00  0.000000e+00
    endloop
  endfacet
  facet normal  0.000000e+00  0.000000e+00  1.000000e+00
    outer loop
      vertex  5.458434e+01 -2.955252e+01  0.000000e+00
      vertex  5.276311e+01  6.401401e+00  0.000000e+00
      vertex  3.470203e+01 -2.365944e+01  0.000000e+00
    endloop
  endfacet
  facet normal  0.000000e+00  0.000000e+00  9.999999e-01
    outer loop
      vertex  3.470203e+01 -2.365944e+01  0.000000e+00
      vertex  5.276311e+01  6.401401e+00  0.000000e+00
      vertex  3.784069e+01 -1.822312e+01  0.000000e+00
    endloop
  endfacet
  facet normal  0.000000e+00  0.000000e+00  1.000000e+00
    outer loop
      vertex -2.100000e+01 -3.637307e+01  0.000000e+00
      vertex -5.375385e+01 -3.345967e+01  0.000000e+00
      vertex -1.534432e+01 -3.909670e+01  0.000000e+00
    endloop
  endfacet
  facet normal  0.000000e+00  0.000000e+00  9.999999e-01
    outer loop
      vertex -1.534432e+01 -3.909670e+01  0.000000e+00
      vertex -5.375385e+01 -3.345967e+01  0.000000e+00
      vertex -5.071419e+01 -3.947490e+01  0.000000e+00
    endloop
  endfacet
  facet normal  -0.000000e+00  0.000000e+00  1.000000e+00
    outer loop
      vertex -1.534432e+01 -3.909670e+01  0.000000e+00
      vertex -5.071419e+01 -3.947490e+01  0.000000e+00
      vertex -9.345880e+00 -4.094697e+01  0.000000e+00
    endloop
  endfacet
  facet normal  0.000000e+00  0.000000e+00  1.000000e+00
    outer loop
      vertex -9.345880e+00 -4.094697e+01  0.000000e+00
      vertex -5.071419e+01 -3.947490e+01  0.000000e+00
      vertex -4.104242e+01 -4.348108e+01  0.000000e+00
    endloop
  endfacet
  facet normal  0.000000e+00  0.000000e+00  1.000000e+00
    outer loop
      vertex -9.345880e+00 -4.094697e+01  0.000000e+00
      vertex -4.104242e+01 -4.348108e+01  0.000000e+00
      vertex -3.138664e+00 -4.188256e+01  0.000000e+00
    endloop
  endfacet
  facet normal  0.000000e+00  -0.000000e+00  1.000000e+00
    outer loop
      vertex -8.829172e+00  6.365723e+01  0.000000e+00
      vertex -1.698936e+00  6.451638e+01  0.000000e+00
      vertex  1.421085e-13  6.928204e+01  0.000000e+00
    endloop
  endfacet
  facet normal  0.000000e+00  0.000000e+00  1.000000e+00
    outer loop
      vertex  1.421085e-13  6.928204e+01  0.000000e+00
      vertex -1.698936e+00  6.451638e+01  0.000000e+00
      vertex -6.489357e-01  6.527925e+01  0.000000e+00
    endloop
  endfacet
  facet normal  0.000000e+00  0.000000e+00  1.000000e+00
    outer loop
      vertex  1.421085e-13  6.928204e+01  0.000000e+00
      vertex -6.489357e-01  6.527925e+01  0.000000e+00
      vertex  6.489357e-01  6.527925e+01  0.000000e+00
    endloop
  endfacet
  facet normal  0.000000e+00  0.000000e+00  1.000000e+00
    outer loop
      vertex -4.392305e+01  2.535898e+01  0.000000e+00
      vertex -3.078818e+01  2.856726e+01  0.000000e+00
      vertex -3.829824e+01  3.418816e+01  0.000000e+00
    endloop
  endfacet
  facet normal  0.000000e+00  0.000000e+00  1.000000e+00
    outer loop
      vertex -3.829824e+01  3.418816e+01  0.000000e+00
      vertex -3.078818e+01  2.856726e+01  0.000000e+00
      vertex -2.618657e+01  3.283692e+01  0.000000e+00
    endloop
  endfacet
  facet normal  0.000000e+00  -0.000000e+00  1.000000e+00
    outer loop
      vertex -3.829824e+01  3.418816e+01  0.000000e+00
      vertex -2.618657e+01  3.283692e+01  0.000000e+00
      vertex -2.100000e+01  3.637307e+01  0.000000e+00
    endloop
  endfacet
  facet normal  0.000000e+00  0.000000e+00  9.999999e-01
    outer loop
      vertex -3.470203e+01  2.365944e+01  0.000000e+00
      vertex -4.392305e+01  2.535898e+01  0.000000e+00
      vertex -3.784069e+01  1.822312e+01  0.000000e+00
    endloop
  endfacet
  facet normal  0.000000e+00  0.000000e+00  9.999999e-01
    outer loop
      vertex -3.784069e+01  1.822312e+01  0.000000e+00
      vertex -4.392305e+01  2.535898e+01  0.000000e+00
      vertex -4.875694e+01  1.607318e+01  0.000000e+00
    endloop
  endfacet
  facet normal  -0.000000e+00  0.000000e+00  1.000000e+00
    outer loop
      vertex -3.784069e+01  1.822312e+01  0.000000e+00
      vertex -4.875694e+01  1.607318e+01  0.000000e+00
      vertex -4.013406e+01  1.237972e+01  0.000000e+00
    endloop
  endfacet
  facet normal  0.000000e+00  0.000000e+00  1.000000e+00
    outer loop
      vertex -4.013406e+01  1.237972e+01  0.000000e+00
      vertex -4.875694e+01  1.607318e+01  0.000000e+00
      vertex -5.276311e+01  6.401401e+00  0.000000e+00
    endloop
  endfacet
  facet normal  -0.000000e+00  0.000000e+00  1.000000e+00
    outer loop
      vertex -4.013406e+01  1.237972e+01  0.000000e+00
      vertex -5.276311e+01  6.401401e+00  0.000000e+00
      vertex -4.153090e+01  6.259775e+00  0.000000e+00
    endloop
  endfacet
  facet normal  0.000000e+00  0.000000e+00  1.000000e+00
    outer loop
      vertex  5.071419e+01 -3.947490e+01  0.000000e+00
      vertex  1.534432e+01 -3.909670e+01  0.000000e+00
      vertex  4.104242e+01 -4.348108e+01  0.000000e+00
    endloop
  endfacet
  facet normal  0.000000e+00  0.000000e+00  9.999999e-01
    outer loop
      vertex  4.104242e+01 -4.348108e+01  0.000000e+00
      vertex  1.534432e+01 -3.909670e+01  0.000000e+00
      vertex  9.345880e+00 -4.094697e+01  0.000000e+00
    endloop
  endfacet
  facet normal  0.000000e+00  0.000000e+00  1.000000e+00
    outer loop
      vertex  4.104242e+01 -4.348108e+01  0.000000e+00
      vertex  9.345880e+00 -4.094697e+01  0.000000e+00
      vertex  3.138664e+00 -4.188256e+01  0.000000e+00
    endloop
  endfacet
  facet normal  0.000000e+00  0.000000e+00  1.000000e+00
    outer loop
      vertex  1.698936e+00  6.451638e+01  0.000000e+00
      vertex  8.829172e+00  6.365723e+01  0.000000e+00
      vertex  6.489357e-01  6.527925e+01  0.000000e+00
    endloop
  endfacet
  facet normal  -0.000000e+00  -0.000000e+00  1.000000e+00
    outer loop
      vertex  6.489357e-01  6.527925e+01  0.000000e+00
      vertex  8.829172e+00  6.365723e+01  0.000000e+00
      vertex  1.421085e-13  6.928204e+01  0.000000e+00
    endloop
  endfacet
  facet normal  0.000000e+00  0.000000e+00  1.000000e+00
    outer loop
      vertex  3.078818e+01  2.856726e+01  0.000000e+00
      vertex  4.392305e+01  2.535898e+01  0.000000e+00
      vertex  2.618657e+01  3.283692e+01  0.000000e+00
    endloop
  endfacet
  facet normal  -0.000000e+00  0.000000e+00  9.999999e-01
    outer loop
      vertex  2.618657e+01  3.283692e+01  0.000000e+00
      vertex  4.392305e+01  2.535898e+01  0.000000e+00
      vertex  3.829824e+01  3.418816e+01  0.000000e+00
    endloop
  endfacet
  facet normal  0.000000e+00  0.000000e+00  1.000000e+00
    outer loop
      vertex  2.618657e+01  3.283692e+01  0.000000e+00
      vertex  3.829824e+01  3.418816e+01  0.000000e+00
      vertex  2.100000e+01  3.637307e+01  0.000000e+00
    endloop
  endfacet
  facet normal  -0.000000e+00  0.000000e+00  1.000000e+00
    outer loop
      vertex  4.392305e+01  2.535898e+01  0.000000e+00
      vertex  3.470203e+01  2.365944e+01  0.000000e+00
      vertex  4.875694e+01  1.607318e+01  0.000000e+00
    endloop
  endfacet
  facet normal  0.000000e+00  0.000000e+00  1.000000e+00
    outer loop
      vertex  4.875694e+01  1.607318e+01  0.000000e+00
      vertex  3.470203e+01  2.365944e+01  0.000000e+00
      vertex  3.784069e+01  1.822312e+01  0.000000e+00
    endloop
  endfacet
  facet normal  0.000000e+00  0.000000e+00  1.000000e+00
    outer loop
      vertex  4.875694e+01  1.607318e+01  0.000000e+00
      vertex  3.784069e+01  1.822312e+01  0.000000e+00
      vertex  5.276311e+01  6.401401e+00  0.000000e+00
    endloop
  endfacet
  facet normal  0.000000e+00  0.000000e+00  1.000000e+00
    outer loop
      vertex  5.276311e+01  6.401401e+00  0.000000e+00
      vertex  3.784069e+01  1.822312e+01  0.000000e+00
      vertex  4.013406e+01  1.237972e+01  0.000000e+00
    endloop
  endfacet
  facet normal  0.000000e+00  0.000000e+00  1.000000e+00
    outer loop
      vertex  5.276311e+01  6.401401e+00  0.000000e+00
      vertex  4.013406e+01  1.237972e+01  0.000000e+00
      vertex  4.153090e+01  6.259775e+00  0.000000e+00
    endloop
  endfacet
  facet normal  1.490425e-01 -9.888308e-01  0.000000e+00
    outer loop
      vertex -3.138664e+00  4.188256e+01 -5.000000e+00
      vertex -9.345880e+00  4.094697e+01  0.000000e+00
      vertex -9.345880e+00  4.094697e+01 -5.000000e+00
    endloop
  endfacet
  facet normal  2.947549e-01 -9.555729e-01  0.000000e+00
    outer loop
      vertex -9.345880e+00  4.094697e+01 -5.000000e+00
      vertex -9.345880e+00  4.094697e+01  0.000000e+00
      vertex -1.534432e+01  3.909670e+01  0.000000e+00
    endloop
  endfacet
  facet normal  2.947549e-01 -9.555729e-01  0.000000e+00
    outer loop
      vertex -9.345880e+00  4.094697e+01 -5.000000e+00
      vertex -1.534432e+01  3.909670e+01  0.000000e+00
      vertex -1.534432e+01  3.909670e+01 -5.000000e+00
    endloop
  endfacet
  facet normal  4.338841e-01 -9.009688e-01  0.000000e+00
    outer loop
      vertex -1.534432e+01  3.909670e+01 -5.000000e+00
      vertex -1.534432e+01  3.909670e+01  0.000000e+00
      vertex -2.100000e+01  3.637307e+01  0.000000e+00
    endloop
  endfacet
  facet normal  4.338841e-01 -9.009688e-01  0.000000e+00
    outer loop
      vertex -1.534432e+01  3.909670e+01 -5.000000e+00
      vertex -2.100000e+01  3.637307e+01  0.000000e+00
      vertex -2.100000e+01  3.637307e+01 -5.000000e+00
    endloop
  endfacet
  facet normal  5.633200e-01 -8.262388e-01  0.000000e+00
    outer loop
      vertex -2.100000e+01  3.637307e+01 -5.000000e+00
      vertex -2.100000e+01  3.637307e+01  0.000000e+00
      vertex -2.618657e+01  3.283692e+01  0.000000e+00
    endloop
  endfacet
  facet normal  5.633200e-01 -8.262388e-01  0.000000e+00
    outer loop
      vertex -2.100000e+01  3.637307e+01 -5.000000e+00
      vertex -2.618657e+01  3.283692e+01  0.000000e+00
      vertex -2.618657e+01  3.283692e+01 -5.000000e+00
    endloop
  endfacet
  facet normal  6.801726e-01 -7.330520e-01  0.000000e+00
    outer loop
      vertex -2.618657e+01  3.283692e+01 -5.000000e+00
      vertex -2.618657e+01  3.283692e+01  0.000000e+00
      vertex -3.078818e+01  2.856726e+01  0.000000e+00
    endloop
  endfacet
  facet normal  6.801726e-01 -7.330520e-01  0.000000e+00
    outer loop
      vertex -2.618657e+01  3.283692e+01 -5.000000e+00
      vertex -3.078818e+01  2.856726e+01  0.000000e+00
      vertex -3.078818e+01  2.856726e+01 -5.000000e+00
    endloop
  endfacet
  facet normal  7.818314e-01 -6.234899e-01  0.000000e+00
    outer loop
      vertex -3.078818e+01  2.856726e+01 -5.000000e+00
      vertex -3.078818e+01  2.856726e+01  0.000000e+00
      vertex -3.470203e+01  2.365944e+01  0.000000e+00
    endloop
  endfacet
  facet normal  7.818314e-01 -6.234899e-01  0.000000e+00
    outer loop
      vertex -3.078818e+01  2.856726e+01 -5.000000e+00
      vertex -3.470203e+01  2.365944e+01  0.000000e+00
      vertex -3.470203e+01  2.365944e+01 -5.000000e+00
    endloop
  endfacet
  facet normal  8.660257e-01 -4.999996e-01  0.000000e+00
    outer loop
      vertex -3.470203e+01  2.365944e+01 -5.000000e+00
      vertex -3.470203e+01  2.365944e+01  0.000000e+00
      vertex -3.784069e+01  1.822312e+01  0.000000e+00
    endloop
  endfacet
  facet normal  8.660257e-01 -4.999996e-01  0.000000e+00
    outer loop
      vertex -3.470203e+01  2.365944e+01 -5.000000e+00
      vertex -3.784069e+01  1.822312e+01  0.000000e+00
      vertex -3.784069e+01  1.822312e+01 -5.000000e+00
    endloop
  endfacet
  facet normal  9.308738e-01 -3.653410e-01  0.000000e+00
    outer loop
      vertex -3.784069e+01  1.822312e+01 -5.000000e+00
      vertex -3.784069e+01  1.822312e+01  0.000000e+00
      vertex -4.013406e+01  1.237972e+01  0.000000e+00
    endloop
  endfacet
  facet normal  9.308738e-01 -3.653410e-01  0.000000e+00
    outer loop
      vertex -3.784069e+01  1.822312e+01 -5.000000e+00
      vertex -4.013406e+01  1.237972e+01  0.000000e+00
      vertex -4.013406e+01  1.237972e+01 -5.000000e+00
    endloop
  endfacet
  facet normal  9.749278e-01 -2.225213e-01  0.000000e+00
    outer loop
      vertex -4.013406e+01  1.237972e+01 -5.000000e+00
      vertex -4.013406e+01  1.237972e+01  0.000000e+00
      vertex -4.153090e+01  6.259775e+00  0.000000e+00
    endloop
  endfacet
  facet normal  9.749278e-01 -2.225213e-01  0.000000e+00
    outer loop
      vertex -4.013406e+01  1.237972e+01 -5.000000e+00
      vertex -4.153090e+01  6.259775e+00  0.000000e+00
      vertex -4.153090e+01  6.259775e+00 -5.000000e+00
    endloop
  endfacet
  facet normal  9.972038e-01 -7.473001e-02  0.000000e+00
    outer loop
      vertex -4.153090e+01  6.259775e+00 -5.000000e+00
      vertex -4.153090e+01  6.259775e+00  0.000000e+00
      vertex -4.200000e+01  5.143517e-15  0.000000e+00
    endloop
  endfacet
  facet normal  9.972038e-01 -7.473001e-02  0.000000e+00
    outer loop
      vertex -4.153090e+01  6.259775e+00 -5.000000e+00
      vertex -4.200000e+01  5.143517e-15  0.000000e+00
      vertex -4.200000e+01  5.143517e-15 -5.000000e+00
    endloop
  endfacet
  facet normal  1.490425e-01 -9.888308e-01  0.000000e+00
    outer loop
      vertex -9.345880e+00  4.094697e+01  0.000000e+00
      vertex -3.138664e+00  4.188256e+01 -5.000000e+00
      vertex -3.138664e+00  4.188256e+01  0.000000e+00
    endloop
  endfacet
  facet normal  0.000000e+00 -1.000000e+00  0.000000e+00
    outer loop
      vertex -3.138664e+00  4.188256e+01  0.000000e+00
      vertex -3.138664e+00  4.188256e+01 -5.000000e+00
      vertex  3.138664e+00  4.188256e+01 -5.000000e+00
    endloop
  endfacet
  facet normal  0.000000e+00 -1.000000e+00  0.000000e+00
    outer loop
      vertex -3.138664e+00  4.188256e+01  0.000000e+00
      vertex  3.138664e+00  4.188256e+01 -5.000000e+00
      vertex  3.138664e+00  4.188256e+01  0.000000e+00
    endloop
  endfacet
  facet normal -1.490425e-01 -9.888308e-01  -0.000000e+00
    outer loop
      vertex  3.138664e+00  4.188256e+01  0.000000e+00
      vertex  3.138664e+00  4.188256e+01 -5.000000e+00
      vertex  9.345880e+00  4.094697e+01 -5.000000e+00
    endloop
  endfacet
  facet normal -1.490425e-01 -9.888308e-01  0.000000e+00
    outer loop
      vertex  3.138664e+00  4.188256e+01  0.000000e+00
      vertex  9.345880e+00  4.094697e+01 -5.000000e+00
      vertex  9.345880e+00  4.094697e+01  0.000000e+00
    endloop
  endfacet
  facet normal -2.947549e-01 -9.555729e-01  -0.000000e+00
    outer loop
      vertex  9.345880e+00  4.094697e+01  0.000000e+00
      vertex  9.345880e+00  4.094697e+01 -5.000000e+00
      vertex  1.534432e+01  3.909670e+01 -5.000000e+00
    endloop
  endfacet
  facet normal -2.947549e-01 -9.555729e-01  0.000000e+00
    outer loop
      vertex  9.345880e+00  4.094697e+01  0.000000e+00
      vertex  1.534432e+01  3.909670e+01 -5.000000e+00
      vertex  1.534432e+01  3.909670e+01  0.000000e+00
    endloop
  endfacet
  facet normal -4.338841e-01 -9.009688e-01  -0.000000e+00
    outer loop
      vertex  1.534432e+01  3.909670e+01  0.000000e+00
      vertex  1.534432e+01  3.909670e+01 -5.000000e+00
      vertex  2.100000e+01  3.637307e+01 -5.000000e+00
    endloop
  endfacet
  facet normal -4.338841e-01 -9.009688e-01  0.000000e+00
    outer loop
      vertex  1.534432e+01  3.909670e+01  0.000000e+00
      vertex  2.100000e+01  3.637307e+01 -5.000000e+00
      vertex  2.100000e+01  3.637307e+01  0.000000e+00
    endloop
  endfacet
  facet normal -5.633200e-01 -8.262388e-01  -0.000000e+00
    outer loop
      vertex  2.100000e+01  3.637307e+01  0.000000e+00
      vertex  2.100000e+01  3.637307e+01 -5.000000e+00
      vertex  2.618657e+01  3.283692e+01 -5.000000e+00
    endloop
  endfacet
  facet normal -5.633200e-01 -8.262388e-01  0.000000e+00
    outer loop
      vertex  2.100000e+01  3.637307e+01  0.000000e+00
      vertex  2.618657e+01  3.283692e+01 -5.000000e+00
      vertex  2.618657e+01  3.283692e+01  0.000000e+00
    endloop
  endfacet
  facet normal -6.801726e-01 -7.330520e-01  -0.000000e+00
    outer loop
      vertex  2.618657e+01  3.283692e+01  0.000000e+00
      vertex  2.618657e+01  3.283692e+01 -5.000000e+00
      vertex  3.078818e+01  2.856726e+01 -5.000000e+00
    endloop
  endfacet
  facet normal -6.801726e-01 -7.330520e-01  0.000000e+00
    outer loop
      vertex  2.618657e+01  3.283692e+01  0.000000e+00
      vertex  3.078818e+01  2.856726e+01 -5.000000e+00
      vertex  3.078818e+01  2.856726e+01  0.000000e+00
    endloop
  endfacet
  facet normal -7.818314e-01 -6.234899e-01  -0.000000e+00
    outer loop
      vertex  3.078818e+01  2.856726e+01  0.000000e+00
      vertex  3.078818e+01  2.856726e+01 -5.000000e+00
      vertex  3.470203e+01  2.365944e+01 -5.000000e+00
    endloop
  endfacet
  facet normal -7.818314e-01 -6.234899e-01  0.000000e+00
    outer loop
      vertex  3.078818e+01  2.856726e+01  0.000000e+00
      vertex  3.470203e+01  2.365944e+01 -5.000000e+00
      vertex  3.470203e+01  2.365944e+01  0.000000e+00
    endloop
  endfacet
  facet normal -8.660257e-01 -4.999996e-01  -0.000000e+00
    outer loop
      vertex  3.470203e+01  2.365944e+01  0.000000e+00
      vertex  3.470203e+01  2.365944e+01 -5.000000e+00
      vertex  3.784069e+01  1.822312e+01 -5.000000e+00
    endloop
  endfacet
  facet normal -8.660257e-01 -4.999996e-01  0.000000e+00
    outer loop
      vertex  3.470203e+01  2.365944e+01  0.000000e+00
      vertex  3.784069e+01  1.822312e+01 -5.000000e+00
      vertex  3.784069e+01  1.822312e+01  0.000000e+00
    endloop
  endfacet
  facet normal -9.308738e-01 -3.653410e-01  -0.000000e+00
    outer loop
      vertex  3.784069e+01  1.822312e+01  0.000000e+00
      vertex  3.784069e+01  1.822312e+01 -5.000000e+00
      vertex  4.013406e+01  1.237972e+01 -5.000000e+00
    endloop
  endfacet
  facet normal -9.308738e-01 -3.653410e-01  0.000000e+00
    outer loop
      vertex  3.784069e+01  1.822312e+01  0.000000e+00
      vertex  4.013406e+01  1.237972e+01 -5.000000e+00
      vertex  4.013406e+01  1.237972e+01  0.000000e+00
    endloop
  endfacet
  facet normal -9.749278e-01 -2.225213e-01  -0.000000e+00
    outer loop
      vertex  4.013406e+01  1.237972e+01  0.000000e+00
      vertex  4.013406e+01  1.237972e+01 -5.000000e+00
      vertex  4.153090e+01  6.259775e+00 -5.000000e+00
    endloop
  endfacet
  facet normal -9.749278e-01 -2.225213e-01  0.000000e+00
    outer loop
      vertex  4.013406e+01  1.237972e+01  0.000000e+00
      vertex  4.153090e+01  6.259775e+00 -5.000000e+00
      vertex  4.153090e+01  6.259775e+00  0.000000e+00
    endloop
  endfacet
  facet normal -9.972038e-01 -7.473001e-02  -0.000000e+00
    outer loop
      vertex  4.153090e+01  6.259775e+00  0.000000e+00
      vertex  4.153090e+01  6.259775e+00 -5.000000e+00
      vertex  4.200000e+01  0.000000e+00 -5.000000e+00
    endloop
  endfacet
  facet normal -9.972038e-01 -7.473001e-02  0.000000e+00
    outer loop
      vertex  4.153090e+01  6.259775e+00  0.000000e+00
      vertex  4.200000e+01  0.000000e+00 -5.000000e+00
      vertex  4.200000e+01  0.000000e+00  0.000000e+00
    endloop
  endfacet
  facet normal -1.490425e-01  9.888308e-01  0.000000e+00
    outer loop
      vertex  3.138664e+00 -4.188256e+01 -5.000000e+00
      vertex  9.345880e+00 -4.094697e+01  0.000000e+00
      vertex  9.345880e+00 -4.094697e+01 -5.000000e+00
    endloop
  endfacet
  facet normal -2.947549e-01  9.555729e-01  0.000000e+00
    outer loop
      vertex  9.345880e+00 -4.094697e+01 -5.000000e+00
      vertex  9.345880e+00 -4.094697e+01  0.000000e+00
      vertex  1.534432e+01 -3.909670e+01  0.000000e+00
    endloop
  endfacet
  facet normal -2.947549e-01  9.555729e-01  0.000000e+00
    outer loop
      vertex  9.345880e+00 -4.094697e+01 -5.000000e+00
      vertex  1.534432e+01 -3.909670e+01  0.000000e+00
      vertex  1.534432e+01 -3.909670e+01 -5.000000e+00
    endloop
  endfacet
  facet normal -4.338841e-01  9.009688e-01  0.000000e+00
    outer loop
      vertex  1.534432e+01 -3.909670e+01 -5.000000e+00
      vertex  1.534432e+01 -3.909670e+01  0.000000e+00
      vertex  2.100000e+01 -3.637307e+01  0.000000e+00
    endloop
  endfacet
  facet normal -4.338841e-01  9.009688e-01  0.000000e+00
    outer loop
      vertex  1.534432e+01 -3.909670e+01 -5.000000e+00
      vertex  2.100000e+01 -3.637307e+01  0.000000e+00
      vertex  2.100000e+01 -3.637307e+01 -5.000000e+00
    endloop
  endfacet
  facet normal -5.633200e-01  8.262388e-01  0.000000e+00
    outer loop
      vertex  2.100000e+01 -3.637307e+01 -5.000000e+00
      vertex  2.100000e+01 -3.637307e+01  0.000000e+00
      vertex  2.618657e+01 -3.283692e+01  0.000000e+00
    endloop
  endfacet
  facet normal -5.633200e-01  8.262388e-01  0.000000e+00
    outer loop
      vertex  2.100000e+01 -3.637307e+01 -5.000000e+00
      vertex  2.618657e+01 -3.283692e+01  0.000000e+00
      vertex  2.618657e+01 -3.283692e+01 -5.000000e+00
    endloop
  endfacet
  facet normal -6.801726e-01  7.330520e-01  0.000000e+00
    outer loop
      vertex  2.618657e+01 -3.283692e+01 -5.000000e+00
      vertex  2.618657e+01 -3.283692e+01  0.000000e+00
      vertex  3.078818e+01 -2.856726e+01  0.000000e+00
    endloop
  endfacet
  facet normal -6.801726e-01  7.330520e-01  0.000000e+00
    outer loop
      vertex  2.618657e+01 -3.283692e+01 -5.000000e+00
      vertex  3.078818e+01 -2.856726e+01  0.000000e+00
      vertex  3.078818e+01 -2.856726e+01 -5.000000e+00
    endloop
  endfacet
  facet normal -7.818314e-01  6.234899e-01  0.000000e+00
    outer loop
      vertex  3.078818e+01 -2.856726e+01 -5.000000e+00
      vertex  3.078818e+01 -2.856726e+01  0.000000e+00
      vertex  3.470203e+01 -2.365944e+01  0.000000e+00
    endloop
  endfacet
  facet normal -7.818314e-01  6.234899e-01  0.000000e+00
    outer loop
      vertex  3.078818e+01 -2.856726e+01 -5.000000e+00
      vertex  3.470203e+01 -2.365944e+01  0.000000e+00
      vertex  3.470203e+01 -2.365944e+01 -5.000000e+00
    endloop
  endfacet
  facet normal -8.660257e-01  4.999996e-01  0.000000e+00
    outer loop
      vertex  3.470203e+01 -2.365944e+01 -5.000000e+00
      vertex  3.470203e+01 -2.365944e+01  0.000000e+00
      vertex  3.784069e+01 -1.822312e+01  0.000000e+00
    endloop
  endfacet
  facet normal -8.660257e-01  4.999996e-01  0.000000e+00
    outer loop
      vertex  3.470203e+01 -2.365944e+01 -5.000000e+00
      vertex  3.784069e+01 -1.822312e+01  0.000000e+00
      vertex  3.784069e+01 -1.822312e+01 -5.000000e+00
    endloop
  endfacet
  facet normal -9.308738e-01  3.653410e-01  0.000000e+00
    outer loop
      vertex  3.784069e+01 -1.822312e+01 -5.000000e+00
      vertex  3.784069e+01 -1.822312e+01  0.000000e+00
      vertex  4.013406e+01 -1.237972e+01  0.000000e+00
    endloop
  endfacet
  facet normal -9.308738e-01  3.653410e-01  0.000000e+00
    outer loop
      vertex  3.784069e+01 -1.822312e+01 -5.000000e+00
      vertex  4.013406e+01 -1.237972e+01  0.000000e+00
      vertex  4.013406e+01 -1.237972e+01 -5.000000e+00
    endloop
  endfacet
  facet normal -9.749278e-01  2.225213e-01  0.000000e+00
    outer loop
      vertex  4.013406e+01 -1.237972e+01 -5.000000e+00
      vertex  4.013406e+01 -1.237972e+01  0.000000e+00
      vertex  4.153090e+01 -6.259775e+00  0.000000e+00
    endloop
  endfacet
  facet normal -9.749278e-01  2.225213e-01  0.000000e+00
    outer loop
      vertex  4.013406e+01 -1.237972e+01 -5.000000e+00
      vertex  4.153090e+01 -6.259775e+00  0.000000e+00
      vertex  4.153090e+01 -6.259775e+00 -5.000000e+00
    endloop
  endfacet
  facet normal -9.972038e-01  7.473001e-02  0.000000e+00
    outer loop
      vertex  4.153090e+01 -6.259775e+00 -5.000000e+00
      vertex  4.153090e+01 -6.259775e+00  0.000000e+00
      vertex  4.200000e+01  0.000000e+00  0.000000e+00
    endloop
  endfacet
  facet normal -9.972038e-01  7.473001e-02  0.000000e+00
    outer loop
      vertex  4.153090e+01 -6.259775e+00 -5.000000e+00
      vertex  4.200000e+01  0.000000e+00  0.000000e+00
      vertex  4.200000e+01  0.000000e+00 -5.000000e+00
    endloop
  endfacet
  facet normal -1.490425e-01  9.888308e-01  0.000000e+00
    outer loop
      vertex  9.345880e+00 -4.094697e+01  0.000000e+00
      vertex  3.138664e+00 -4.188256e+01 -5.000000e+00
      vertex  3.138664e+00 -4.188256e+01  0.000000e+00
    endloop
  endfacet
  facet normal  0.000000e+00  1.000000e+00  0.000000e+00
    outer loop
      vertex  3.138664e+00 -4.188256e+01  0.000000e+00
      vertex  3.138664e+00 -4.188256e+01 -5.000000e+00
      vertex -3.138664e+00 -4.188256e+01 -5.000000e+00
    endloop
  endfacet
  facet normal  0.000000e+00  1.000000e+00  0.000000e+00
    outer loop
      vertex  3.138664e+00 -4.188256e+01  0.000000e+00
      vertex -3.138664e+00 -4.188256e+01 -5.000000e+00
      vertex -3.138664e+00 -4.188256e+01  0.000000e+00
    endloop
  endfacet
  facet normal  1.490425e-01  9.888308e-01  0.000000e+00
    outer loop
      vertex -3.138664e+00 -4.188256e+01  0.000000e+00
      vertex -3.138664e+00 -4.188256e+01 -5.000000e+00
      vertex -9.345880e+00 -4.094697e+01 -5.000000e+00
    endloop
  endfacet
  facet normal  1.490425e-01  9.888308e-01  -0.000000e+00
    outer loop
      vertex -3.138664e+00 -4.188256e+01  0.000000e+00
      vertex -9.345880e+00 -4.094697e+01 -5.000000e+00
      vertex -9.345880e+00 -4.094697e+01  0.000000e+00
    endloop
  endfacet
  facet normal  2.947549e-01  9.555729e-01  0.000000e+00
    outer loop
      vertex -9.345880e+00 -4.094697e+01  0.000000e+00
      vertex -9.345880e+00 -4.094697e+01 -5.000000e+00
      vertex -1.534432e+01 -3.909670e+01 -5.000000e+00
    endloop
  endfacet
  facet normal  2.947549e-01  9.555729e-01  -0.000000e+00
    outer loop
      vertex -9.345880e+00 -4.094697e+01  0.000000e+00
      vertex -1.534432e+01 -3.909670e+01 -5.000000e+00
      vertex -1.534432e+01 -3.909670e+01  0.000000e+00
    endloop
  endfacet
  facet normal  4.338841e-01  9.009688e-01  0.000000e+00
    outer loop
      vertex -1.534432e+01 -3.909670e+01  0.000000e+00
      vertex -1.534432e+01 -3.909670e+01 -5.000000e+00
      vertex -2.100000e+01 -3.637307e+01 -5.000000e+00
    endloop
  endfacet
  facet normal  4.338841e-01  9.009688e-01  -0.000000e+00
    outer loop
      vertex -1.534432e+01 -3.909670e+01  0.000000e+00
      vertex -2.100000e+01 -3.637307e+01 -5.000000e+00
      vertex -2.100000e+01 -3.637307e+01  0.000000e+00
    endloop
  endfacet
  facet normal  5.633200e-01  8.262388e-01  0.000000e+00
    outer loop
      vertex -2.100000e+01 -3.637307e+01  0.000000e+00
      vertex -2.100000e+01 -3.637307e+01 -5.000000e+00
      vertex -2.618657e+01 -3.283692e+01 -5.000000e+00
    endloop
  endfacet
  facet normal  5.633200e-01  8.262388e-01  -0.000000e+00
    outer loop
      vertex -2.100000e+01 -3.637307e+01  0.000000e+00
      vertex -2.618657e+01 -3.283692e+01 -5.000000e+00
      vertex -2.618657e+01 -3.283692e+01  0.000000e+00
    endloop
  endfacet
  facet normal  6.801726e-01  7.330520e-01  0.000000e+00
    outer loop
      vertex -2.618657e+01 -3.283692e+01  0.000000e+00
      vertex -2.618657e+01 -3.283692e+01 -5.000000e+00
      vertex -3.078818e+01 -2.856726e+01 -5.000000e+00
    endloop
  endfacet
  facet normal  6.801726e-01  7.330520e-01  -0.000000e+00
    outer loop
      vertex -2.618657e+01 -3.283692e+01  0.000000e+00
      vertex -3.078818e+01 -2.856726e+01 -5.000000e+00
      vertex -3.078818e+01 -2.856726e+01  0.000000e+00
    endloop
  endfacet
  facet normal  7.818314e-01  6.234899e-01  0.000000e+00
    outer loop
      vertex -3.078818e+01 -2.856726e+01  0.000000e+00
      vertex -3.078818e+01 -2.856726e+01 -5.000000e+00
      vertex -3.470203e+01 -2.365944e+01 -5.000000e+00
    endloop
  endfacet
  facet normal  7.818314e-01  6.234899e-01  -0.000000e+00
    outer loop
      vertex -3.078818e+01 -2.856726e+01  0.000000e+00
      vertex -3.470203e+01 -2.365944e+01 -5.000000e+00
      vertex -3.470203e+01 -2.365944e+01  0.000000e+00
    endloop
  endfacet
  facet normal  8.660257e-01  4.999996e-01  0.000000e+00
    outer loop
      vertex -3.470203e+01 -2.365944e+01  0.000000e+00
      vertex -3.470203e+01 -2.365944e+01 -5.000000e+00
      vertex -3.784069e+01 -1.822312e+01 -5.000000e+00
    endloop
  endfacet
  facet normal  8.660257e-01  4.999996e-01  -0.000000e+00
    outer loop
      vertex -3.470203e+01 -2.365944e+01  0.000000e+00
      vertex -3.784069e+01 -1.822312e+01 -5.000000e+00
      vertex -3.784069e+01 -1.822312e+01  0.000000e+00
    endloop
  endfacet
  facet normal  9.308738e-01  3.653410e-01  0.000000e+00
    outer loop
      vertex -3.784069e+01 -1.822312e+01  0.000000e+00
      vertex -3.784069e+01 -1.822312e+01 -5.000000e+00
      vertex -4.013406e+01 -1.237972e+01 -5.000000e+00
    endloop
  endfacet
  facet normal  9.308738e-01  3.653410e-01  -0.000000e+00
    outer loop
      vertex -3.784069e+01 -1.822312e+01  0.000000e+00
      vertex -4.013406e+01 -1.237972e+01 -5.000000e+00
      vertex -4.013406e+01 -1.237972e+01  0.000000e+00
    endloop
  endfacet
  facet normal  9.749278e-01  2.225213e-01  0.000000e+00
    outer loop
      vertex -4.013406e+01 -1.237972e+01  0.000000e+00
      vertex -4.013406e+01 -1.237972e+01 -5.000000e+00
      vertex -4.153090e+01 -6.259775e+00 -5.000000e+00
    endloop
  endfacet
  facet normal  9.749278e-01  2.225213e-01  -0.000000e+00
    outer loop
      vertex -4.013406e+01 -1.237972e+01  0.000000e+00
      vertex -4.153090e+01 -6.259775e+00 -5.000000e+00
      vertex -4.153090e+01 -6.259775e+00  0.000000e+00
    endloop
  endfacet
  facet normal  9.972038e-01  7.473001e-02  0.000000e+00
    outer loop
      vertex -4.153090e+01 -6.259775e+00  0.000000e+00
      vertex -4.153090e+01 -6.259775e+00 -5.000000e+00
      vertex -4.200000e+01  5.143517e-15 -5.000000e+00
    endloop
  endfacet
  facet normal  9.972038e-01  7.473001e-02  -0.000000e+00
    outer loop
      vertex -4.153090e+01 -6.259775e+00  0.000000e+00
      vertex -4.200000e+01  5.143517e-15 -5.000000e+00
      vertex -4.200000e+01  5.143517e-15  0.000000e+00
    endloop
  endfacet
  facet normal -9.945220e-01 -1.045267e-01  -0.000000e+00
    outer loop
      vertex  5.685796e+01 -3.207763e+01 -5.000000e+00
      vertex  5.672229e+01 -3.078687e+01  0.000000e+00
      vertex  5.672229e+01 -3.078687e+01 -5.000000e+00
    endloop
  endfacet
  facet normal -7.431444e-01 -6.691310e-01  0.000000e+00
    outer loop
      vertex  5.672229e+01 -3.078687e+01 -5.000000e+00
      vertex  5.672229e+01 -3.078687e+01  0.000000e+00
      vertex  5.585385e+01 -2.982236e+01  0.000000e+00
    endloop
  endfacet
  facet normal -7.431444e-01 -6.691310e-01  -0.000000e+00
    outer loop
      vertex  5.672229e+01 -3.078687e+01 -5.000000e+00
      vertex  5.585385e+01 -2.982236e+01  0.000000e+00
      vertex  5.585385e+01 -2.982236e+01 -5.000000e+00
    endloop
  endfacet
  facet normal -9.945220e-01 -1.045267e-01  0.000000e+00
    outer loop
      vertex  5.672229e+01 -3.078687e+01  0.000000e+00
      vertex  5.685796e+01 -3.207763e+01 -5.000000e+00
      vertex  5.685796e+01 -3.207763e+01  0.000000e+00
    endloop
  endfacet
  facet normal -8.660268e-01  4.999976e-01  0.000000e+00
    outer loop
      vertex  5.685796e+01 -3.207763e+01  0.000000e+00
      vertex  5.685796e+01 -3.207763e+01 -5.000000e+00
      vertex  5.620902e+01 -3.320162e+01 -5.000000e+00
    endloop
  endfacet
  facet normal -8.660268e-01  4.999976e-01  0.000000e+00
    outer loop
      vertex  5.685796e+01 -3.207763e+01  0.000000e+00
      vertex  5.620902e+01 -3.320162e+01 -5.000000e+00
      vertex  5.620902e+01 -3.320162e+01  0.000000e+00
    endloop
  endfacet
  facet normal -4.067348e-01  9.135463e-01  0.000000e+00
    outer loop
      vertex  5.620902e+01 -3.320162e+01  0.000000e+00
      vertex  5.620902e+01 -3.320162e+01 -5.000000e+00
      vertex  5.502336e+01 -3.372951e+01 -5.000000e+00
    endloop
  endfacet
  facet normal -4.067348e-01  9.135463e-01  0.000000e+00
    outer loop
      vertex  5.620902e+01 -3.320162e+01  0.000000e+00
      vertex  5.502336e+01 -3.372951e+01 -5.000000e+00
      vertex  5.502336e+01 -3.372951e+01  0.000000e+00
    endloop
  endfacet
  facet normal  2.079102e-01  9.781480e-01  0.000000e+00
    outer loop
      vertex  5.502336e+01 -3.372951e+01  0.000000e+00
      vertex  5.502336e+01 -3.372951e+01 -5.000000e+00
      vertex  5.375385e+01 -3.345967e+01 -5.000000e+00
    endloop
  endfacet
  facet normal  2.079102e-01  9.781480e-01  -0.000000e+00
    outer loop
      vertex  5.502336e+01 -3.372951e+01  0.000000e+00
      vertex  5.375385e+01 -3.345967e+01 -5.000000e+00
      vertex  5.375385e+01 -3.345967e+01  0.000000e+00
    endloop
  endfacet
  facet normal  9.945218e-01  1.045295e-01  0.000000e+00
    outer loop
      vertex  5.274974e+01 -3.120440e+01 -5.000000e+00
      vertex  5.288540e+01 -3.249516e+01  0.000000e+00
      vertex  5.288540e+01 -3.249516e+01 -5.000000e+00
    endloop
  endfacet
  facet normal  7.431450e-01  6.691303e-01  -0.000000e+00
    outer loop
      vertex  5.288540e+01 -3.249516e+01 -5.000000e+00
      vertex  5.288540e+01 -3.249516e+01  0.000000e+00
      vertex  5.375385e+01 -3.345967e+01  0.000000e+00
    endloop
  endfacet
  facet normal  7.431450e-01  6.691303e-01  0.000000e+00
    outer loop
      vertex  5.288540e+01 -3.249516e+01 -5.000000e+00
      vertex  5.375385e+01 -3.345967e+01  0.000000e+00
      vertex  5.375385e+01 -3.345967e+01 -5.000000e+00
    endloop
  endfacet
  facet normal  9.945218e-01  1.045295e-01  -0.000000e+00
    outer loop
      vertex  5.288540e+01 -3.249516e+01  0.000000e+00
      vertex  5.274974e+01 -3.120440e+01 -5.000000e+00
      vertex  5.274974e+01 -3.120440e+01  0.000000e+00
    endloop
  endfacet
  facet normal  8.660247e-01 -5.000010e-01  0.000000e+00
    outer loop
      vertex  5.274974e+01 -3.120440e+01  0.000000e+00
      vertex  5.274974e+01 -3.120440e+01 -5.000000e+00
      vertex  5.339867e+01 -3.008041e+01 -5.000000e+00
    endloop
  endfacet
  facet normal  8.660247e-01 -5.000010e-01  0.000000e+00
    outer loop
      vertex  5.274974e+01 -3.120440e+01  0.000000e+00
      vertex  5.339867e+01 -3.008041e+01 -5.000000e+00
      vertex  5.339867e+01 -3.008041e+01  0.000000e+00
    endloop
  endfacet
  facet normal  4.067360e-01 -9.135457e-01  0.000000e+00
    outer loop
      vertex  5.339867e+01 -3.008041e+01  0.000000e+00
      vertex  5.339867e+01 -3.008041e+01 -5.000000e+00
      vertex  5.458434e+01 -2.955252e+01 -5.000000e+00
    endloop
  endfacet
  facet normal  4.067360e-01 -9.135457e-01  0.000000e+00
    outer loop
      vertex  5.339867e+01 -3.008041e+01  0.000000e+00
      vertex  5.458434e+01 -2.955252e+01 -5.000000e+00
      vertex  5.458434e+01 -2.955252e+01  0.000000e+00
    endloop
  endfacet
  facet normal -2.079116e-01 -9.781477e-01  -0.000000e+00
    outer loop
      vertex  5.458434e+01 -2.955252e+01  0.000000e+00
      vertex  5.458434e+01 -2.955252e+01 -5.000000e+00
      vertex  5.585385e+01 -2.982236e+01 -5.000000e+00
    endloop
  endfacet
  facet normal -2.079116e-01 -9.781477e-01  0.000000e+00
    outer loop
      vertex  5.458434e+01 -2.955252e+01  0.000000e+00
      vertex  5.585385e+01 -2.982236e+01 -5.000000e+00
      vertex  5.585385e+01 -2.982236e+01  0.000000e+00
    endloop
  endfacet
  facet normal  4.067348e-01  9.135463e-01  0.000000e+00
    outer loop
      vertex -5.620902e+01 -3.320162e+01 -5.000000e+00
      vertex -5.502336e+01 -3.372951e+01  0.000000e+00
      vertex -5.502336e+01 -3.372951e+01 -5.000000e+00
    endloop
  endfacet
  facet normal -2.079102e-01  9.781480e-01  0.000000e+00
    outer loop
      vertex -5.502336e+01 -3.372951e+01 -5.000000e+00
      vertex -5.502336e+01 -3.372951e+01  0.000000e+00
      vertex -5.375385e+01 -3.345967e+01  0.000000e+00
    endloop
  endfacet
  facet normal -2.079102e-01  9.781480e-01  0.000000e+00
    outer loop
      vertex -5.502336e+01 -3.372951e+01 -5.000000e+00
      vertex -5.375385e+01 -3.345967e+01  0.000000e+00
      vertex -5.375385e+01 -3.345967e+01 -5.000000e+00
    endloop
  endfacet
  facet normal  4.067348e-01  9.135463e-01  -0.000000e+00
    outer loop
      vertex -5.502336e+01 -3.372951e+01  0.000000e+00
      vertex -5.620902e+01 -3.320162e+01 -5.000000e+00
      vertex -5.620902e+01 -3.320162e+01  0.000000e+00
    endloop
  endfacet
  facet normal  8.660268e-01  4.999976e-01  0.000000e+00
    outer loop
      vertex -5.620902e+01 -3.320162e+01  0.000000e+00
      vertex -5.620902e+01 -3.320162e+01 -5.000000e+00
      vertex -5.685796e+01 -3.207763e+01 -5.000000e+00
    endloop
  endfacet
  facet normal  8.660268e-01  4.999976e-01  -0.000000e+00
    outer loop
      vertex -5.620902e+01 -3.320162e+01  0.000000e+00
      vertex -5.685796e+01 -3.207763e+01 -5.000000e+00
      vertex -5.685796e+01 -3.207763e+01  0.000000e+00
    endloop
  endfacet
  facet normal  9.945220e-01 -1.045267e-01  0.000000e+00
    outer loop
      vertex -5.685796e+01 -3.207763e+01  0.000000e+00
      vertex -5.685796e+01 -3.207763e+01 -5.000000e+00
      vertex -5.672229e+01 -3.078687e+01 -5.000000e+00
    endloop
  endfacet
  facet normal  9.945220e-01 -1.045267e-01  0.000000e+00
    outer loop
      vertex -5.685796e+01 -3.207763e+01  0.000000e+00
      vertex -5.672229e+01 -3.078687e+01 -5.000000e+00
      vertex -5.672229e+01 -3.078687e+01  0.000000e+00
    endloop
  endfacet
  facet normal  7.431444e-01 -6.691310e-01  0.000000e+00
    outer loop
      vertex -5.672229e+01 -3.078687e+01  0.000000e+00
      vertex -5.672229e+01 -3.078687e+01 -5.000000e+00
      vertex -5.585385e+01 -2.982236e+01 -5.000000e+00
    endloop
  endfacet
  facet normal  7.431444e-01 -6.691310e-01  0.000000e+00
    outer loop
      vertex -5.672229e+01 -3.078687e+01  0.000000e+00
      vertex -5.585385e+01 -2.982236e+01 -5.000000e+00
      vertex -5.585385e+01 -2.982236e+01  0.000000e+00
    endloop
  endfacet
  facet normal -4.067360e-01 -9.135457e-01  -0.000000e+00
    outer loop
      vertex -5.339867e+01 -3.008041e+01 -5.000000e+00
      vertex -5.458434e+01 -2.955252e+01  0.000000e+00
      vertex -5.458434e+01 -2.955252e+01 -5.000000e+00
    endloop
  endfacet
  facet normal  2.079116e-01 -9.781477e-01  0.000000e+00
    outer loop
      vertex -5.458434e+01 -2.955252e+01 -5.000000e+00
      vertex -5.458434e+01 -2.955252e+01  0.000000e+00
      vertex -5.585385e+01 -2.982236e+01  0.000000e+00
    endloop
  endfacet
  facet normal  2.079116e-01 -9.781477e-01  0.000000e+00
    outer loop
      vertex -5.458434e+01 -2.955252e+01 -5.000000e+00
      vertex -5.585385e+01 -2.982236e+01  0.000000e+00
      vertex -5.585385e+01 -2.982236e+01 -5.000000e+00
    endloop
  endfacet
  facet normal -4.067360e-01 -9.135457e-01  0.000000e+00
    outer loop
      vertex -5.458434e+01 -2.955252e+01  0.000000e+00
      vertex -5.339867e+01 -3.008041e+01 -5.000000e+00
      vertex -5.339867e+01 -3.008041e+01  0.000000e+00
    endloop
  endfacet
  facet normal -8.660247e-01 -5.000010e-01  -0.000000e+00
    outer loop
      vertex -5.339867e+01 -3.008041e+01  0.000000e+00
      vertex -5.339867e+01 -3.008041e+01 -5.000000e+00
      vertex -5.274974e+01 -3.120440e+01 -5.000000e+00
    endloop
  endfacet
  facet normal -8.660247e-01 -5.000010e-01  0.000000e+00
    outer loop
      vertex -5.339867e+01 -3.008041e+01  0.000000e+00
      vertex -5.274974e+01 -3.120440e+01 -5.000000e+00
      vertex -5.274974e+01 -3.120440e+01  0.000000e+00
    endloop
  endfacet
  facet normal -9.945218e-01  1.045295e-01  0.000000e+00
    outer loop
      vertex -5.274974e+01 -3.120440e+01  0.000000e+00
      vertex -5.274974e+01 -3.120440e+01 -5.000000e+00
      vertex -5.288540e+01 -3.249516e+01 -5.000000e+00
    endloop
  endfacet
  facet normal -9.945218e-01  1.045295e-01  0.000000e+00
    outer loop
      vertex -5.274974e+01 -3.120440e+01  0.000000e+00
      vertex -5.288540e+01 -3.249516e+01 -5.000000e+00
      vertex -5.288540e+01 -3.249516e+01  0.000000e+00
    endloop
  endfacet
  facet normal -7.431450e-01  6.691303e-01  0.000000e+00
    outer loop
      vertex -5.288540e+01 -3.249516e+01  0.000000e+00
      vertex -5.288540e+01 -3.249516e+01 -5.000000e+00
      vertex -5.375385e+01 -3.345967e+01 -5.000000e+00
    endloop
  endfacet
  facet normal -7.431450e-01  6.691303e-01  0.000000e+00
    outer loop
      vertex -5.288540e+01 -3.249516e+01  0.000000e+00
      vertex -5.375385e+01 -3.345967e+01 -5.000000e+00
      vertex -5.375385e+01 -3.345967e+01  0.000000e+00
    endloop
  endfacet
  facet normal  5.877857e-01 -8.090165e-01  0.000000e+00
    outer loop
      vertex -6.489357e-01  6.527925e+01 -5.000000e+00
      vertex -1.698936e+00  6.451638e+01  0.000000e+00
      vertex -1.698936e+00  6.451638e+01 -5.000000e+00
    endloop
  endfacet
  facet normal  9.510565e-01 -3.090171e-01  0.000000e+00
    outer loop
      vertex -1.698936e+00  6.451638e+01 -5.000000e+00
      vertex -1.698936e+00  6.451638e+01  0.000000e+00
      vertex -2.100000e+00  6.328203e+01  0.000000e+00
    endloop
  endfacet
  facet normal  9.510565e-01 -3.090171e-01  0.000000e+00
    outer loop
      vertex -1.698936e+00  6.451638e+01 -5.000000e+00
      vertex -2.100000e+00  6.328203e+01  0.000000e+00
      vertex -2.100000e+00  6.328203e+01 -5.000000e+00
    endloop
  endfacet
  facet normal  5.877857e-01 -8.090165e-01  0.000000e+00
    outer loop
      vertex -1.698936e+00  6.451638e+01  0.000000e+00
      vertex -6.489357e-01  6.527925e+01 -5.000000e+00
      vertex -6.489357e-01  6.527925e+01  0.000000e+00
    endloop
  endfacet
  facet normal  0.000000e+00 -9.999999e-01  0.000000e+00
    outer loop
      vertex -6.489357e-01  6.527925e+01  0.000000e+00
      vertex -6.489357e-01  6.527925e+01 -5.000000e+00
      vertex  6.489357e-01  6.527925e+01 -5.000000e+00
    endloop
  endfacet
  facet normal  0.000000e+00 -9.999999e-01  0.000000e+00
    outer loop
      vertex -6.489357e-01  6.527925e+01  0.000000e+00
      vertex  6.489357e-01  6.527925e+01 -5.000000e+00
      vertex  6.489357e-01  6.527925e+01  0.000000e+00
    endloop
  endfacet
  facet normal -5.877857e-01 -8.090165e-01  -0.000000e+00
    outer loop
      vertex  6.489357e-01  6.527925e+01  0.000000e+00
      vertex  6.489357e-01  6.527925e+01 -5.000000e+00
      vertex  1.698936e+00  6.451638e+01 -5.000000e+00
    endloop
  endfacet
  facet normal -5.877857e-01 -8.090165e-01  0.000000e+00
    outer loop
      vertex  6.489357e-01  6.527925e+01  0.000000e+00
      vertex  1.698936e+00  6.451638e+01 -5.000000e+00
      vertex  1.698936e+00  6.451638e+01  0.000000e+00
    endloop
  endfacet
  facet normal -9.510565e-01 -3.090171e-01  -0.000000e+00
    outer loop
      vertex  1.698936e+00  6.451638e+01  0.000000e+00
      vertex  1.698936e+00  6.451638e+01 -5.000000e+00
      vertex  2.100000e+00  6.328203e+01 -5.000000e+00
    endloop
  endfacet
  facet normal -9.510565e-01 -3.090171e-01  0.000000e+00
    outer loop
      vertex  1.698936e+00  6.451638e+01  0.000000e+00
      vertex  2.100000e+00  6.328203e+01 -5.000000e+00
      vertex  2.100000e+00  6.328203e+01  0.000000e+00
    endloop
  endfacet
  facet normal -5.877857e-01  8.090165e-01  0.000000e+00
    outer loop
      vertex  6.489357e-01  6.128481e+01 -5.000000e+00
      vertex  1.698936e+00  6.204768e+01  0.000000e+00
      vertex  1.698936e+00  6.204768e+01 -5.000000e+00
    endloop
  endfacet
  facet normal -9.510565e-01  3.090171e-01  0.000000e+00
    outer loop
      vertex  1.698936e+00  6.204768e+01 -5.000000e+00
      vertex  1.698936e+00  6.204768e+01  0.000000e+00
      vertex  2.100000e+00  6.328203e+01  0.000000e+00
    endloop
  endfacet
  facet normal -9.510565e-01  3.090171e-01  0.000000e+00
    outer loop
      vertex  1.698936e+00  6.204768e+01 -5.000000e+00
      vertex  2.100000e+00  6.328203e+01  0.000000e+00
      vertex  2.100000e+00  6.328203e+01 -5.000000e+00
    endloop
  endfacet
  facet normal -5.877857e-01  8.090165e-01  0.000000e+00
    outer loop
      vertex  1.698936e+00  6.204768e+01  0.000000e+00
      vertex  6.489357e-01  6.128481e+01 -5.000000e+00
      vertex  6.489357e-01  6.128481e+01  0.000000e+00
    endloop
  endfacet
  facet normal  0.000000e+00  9.999999e-01  0.000000e+00
    outer loop
      vertex  6.489357e-01  6.128481e+01  0.000000e+00
      vertex  6.489357e-01  6.128481e+01 -5.000000e+00
      vertex -6.489357e-01  6.128481e+01 -5.000000e+00
    endloop
  endfacet
  facet normal  0.000000e+00  9.999999e-01  0.000000e+00
    outer loop
      vertex  6.489357e-01  6.128481e+01  0.000000e+00
      vertex -6.489357e-01  6.128481e+01 -5.000000e+00
      vertex -6.489357e-01  6.128481e+01  0.000000e+00
    endloop
  endfacet
  facet normal  5.877857e-01  8.090165e-01  0.000000e+00
    outer loop
      vertex -6.489357e-01  6.128481e+01  0.000000e+00
      vertex -6.489357e-01  6.128481e+01 -5.000000e+00
      vertex -1.698936e+00  6.204768e+01 -5.000000e+00
    endloop
  endfacet
  facet normal  5.877857e-01  8.090165e-01  -0.000000e+00
    outer loop
      vertex -6.489357e-01  6.128481e+01  0.000000e+00
      vertex -1.698936e+00  6.204768e+01 -5.000000e+00
      vertex -1.698936e+00  6.204768e+01  0.000000e+00
    endloop
  endfacet
  facet normal  9.510565e-01  3.090171e-01  0.000000e+00
    outer loop
      vertex -1.698936e+00  6.204768e+01  0.000000e+00
      vertex -1.698936e+00  6.204768e+01 -5.000000e+00
      vertex -2.100000e+00  6.328203e+01 -5.000000e+00
    endloop
  endfacet
  facet normal  9.510565e-01  3.090171e-01  -0.000000e+00
    outer loop
      vertex -1.698936e+00  6.204768e+01  0.000000e+00
      vertex -2.100000e+00  6.328203e+01 -5.000000e+00
      vertex -2.100000e+00  6.328203e+01  0.000000e+00
    endloop
  endfacet
  facet normal  4.617486e-01 -8.870109e-01  0.000000e+00
    outer loop
      vertex  6.000000e+01 -3.464102e+01 -5.000000e+00
      vertex  6.000000e+01 -3.464102e+01  0.000000e+00
      vertex  5.071419e+01 -3.947490e+01 -5.000000e+00
    endloop
  endfacet
  facet normal  4.617486e-01 -8.870109e-01  0.000000e+00
    outer loop
      vertex  5.071419e+01 -3.947490e+01 -5.000000e+00
      vertex  6.000000e+01 -3.464102e+01  0.000000e+00
      vertex  5.071419e+01 -3.947490e+01  0.000000e+00
    endloop
  endfacet
  facet normal  3.826834e-01 -9.238796e-01  0.000000e+00
    outer loop
      vertex  5.071419e+01 -3.947490e+01 -5.000000e+00
      vertex  5.071419e+01 -3.947490e+01  0.000000e+00
      vertex  4.104242e+01 -4.348108e+01 -5.000000e+00
    endloop
  endfacet
  facet normal  3.826834e-01 -9.238796e-01  0.000000e+00
    outer loop
      vertex  4.104242e+01 -4.348108e+01 -5.000000e+00
      vertex  5.071419e+01 -3.947490e+01  0.000000e+00
      vertex  4.104242e+01 -4.348108e+01  0.000000e+00
    endloop
  endfacet
  facet normal  3.007057e-01 -9.537169e-01  0.000000e+00
    outer loop
      vertex  4.104242e+01 -4.348108e+01 -5.000000e+00
      vertex  4.104242e+01 -4.348108e+01  0.000000e+00
      vertex  3.105828e+01 -4.662907e+01 -5.000000e+00
    endloop
  endfacet
  facet normal  3.007057e-01 -9.537169e-01  0.000000e+00
    outer loop
      vertex  3.105828e+01 -4.662907e+01 -5.000000e+00
      vertex  4.104242e+01 -4.348108e+01  0.000000e+00
      vertex  3.105828e+01 -4.662907e+01  0.000000e+00
    endloop
  endfacet
  facet normal  2.164396e-01 -9.762960e-01  0.000000e+00
    outer loop
      vertex  3.105828e+01 -4.662907e+01 -5.000000e+00
      vertex  3.105828e+01 -4.662907e+01  0.000000e+00
      vertex  2.083778e+01 -4.889490e+01 -5.000000e+00
    endloop
  endfacet
  facet normal  2.164396e-01 -9.762960e-01  0.000000e+00
    outer loop
      vertex  2.083778e+01 -4.889490e+01 -5.000000e+00
      vertex  3.105828e+01 -4.662907e+01  0.000000e+00
      vertex  2.083778e+01 -4.889490e+01  0.000000e+00
    endloop
  endfacet
  facet normal  1.305261e-01 -9.914449e-01  0.000000e+00
    outer loop
      vertex  2.083778e+01 -4.889490e+01 -5.000000e+00
      vertex  2.083778e+01 -4.889490e+01  0.000000e+00
      vertex  1.045869e+01 -5.026133e+01 -5.000000e+00
    endloop
  endfacet
  facet normal  1.305261e-01 -9.914449e-01  0.000000e+00
    outer loop
      vertex  1.045869e+01 -5.026133e+01 -5.000000e+00
      vertex  2.083778e+01 -4.889490e+01  0.000000e+00
      vertex  1.045869e+01 -5.026133e+01  0.000000e+00
    endloop
  endfacet
  facet normal  4.361959e-02 -9.990482e-01  0.000000e+00
    outer loop
      vertex  1.045869e+01 -5.026133e+01 -5.000000e+00
      vertex  1.045869e+01 -5.026133e+01  0.000000e+00
      vertex -2.204364e-14 -5.071797e+01 -5.000000e+00
    endloop
  endfacet
  facet normal  4.361959e-02 -9.990482e-01  0.000000e+00
    outer loop
      vertex -2.204364e-14 -5.071797e+01 -5.000000e+00
      vertex  1.045869e+01 -5.026133e+01  0.000000e+00
      vertex -2.204364e-14 -5.071797e+01  0.000000e+00
    endloop
  endfacet
  facet normal -4.361959e-02 -9.990482e-01  -0.000000e+00
    outer loop
      vertex -2.204364e-14 -5.071797e+01 -5.000000e+00
      vertex -2.204364e-14 -5.071797e+01  0.000000e+00
      vertex -1.045869e+01 -5.026133e+01 -5.000000e+00
    endloop
  endfacet
  facet normal -4.361959e-02 -9.990482e-01  0.000000e+00
    outer loop
      vertex -1.045869e+01 -5.026133e+01 -5.000000e+00
      vertex -2.204364e-14 -5.071797e+01  0.000000e+00
      vertex -1.045869e+01 -5.026133e+01  0.000000e+00
    endloop
  endfacet
  facet normal -1.305261e-01 -9.914449e-01  -0.000000e+00
    outer loop
      vertex -1.045869e+01 -5.026133e+01 -5.000000e+00
      vertex -1.045869e+01 -5.026133e+01  0.000000e+00
      vertex -2.083778e+01 -4.889490e+01 -5.000000e+00
    endloop
  endfacet
  facet normal -1.305261e-01 -9.914449e-01  0.000000e+00
    outer loop
      vertex -2.083778e+01 -4.889490e+01 -5.000000e+00
      vertex -1.045869e+01 -5.026133e+01  0.000000e+00
      vertex -2.083778e+01 -4.889490e+01  0.000000e+00
    endloop
  endfacet
  facet normal -2.164396e-01 -9.762960e-01  -0.000000e+00
    outer loop
      vertex -2.083778e+01 -4.889490e+01 -5.000000e+00
      vertex -2.083778e+01 -4.889490e+01  0.000000e+00
      vertex -3.105828e+01 -4.662907e+01 -5.000000e+00
    endloop
  endfacet
  facet normal -2.164396e-01 -9.762960e-01  0.000000e+00
    outer loop
      vertex -3.105828e+01 -4.662907e+01 -5.000000e+00
      vertex -2.083778e+01 -4.889490e+01  0.000000e+00
      vertex -3.105828e+01 -4.662907e+01  0.000000e+00
    endloop
  endfacet
  facet normal -3.007057e-01 -9.537169e-01  -0.000000e+00
    outer loop
      vertex -3.105828e+01 -4.662907e+01 -5.000000e+00
      vertex -3.105828e+01 -4.662907e+01  0.000000e+00
      vertex -4.104242e+01 -4.348108e+01 -5.000000e+00
    endloop
  endfacet
  facet normal -3.007057e-01 -9.537169e-01  0.000000e+00
    outer loop
      vertex -4.104242e+01 -4.348108e+01 -5.000000e+00
      vertex -3.105828e+01 -4.662907e+01  0.000000e+00
      vertex -4.104242e+01 -4.348108e+01  0.000000e+00
    endloop
  endfacet
  facet normal -3.826834e-01 -9.238796e-01  -0.000000e+00
    outer loop
      vertex -4.104242e+01 -4.348108e+01 -5.000000e+00
      vertex -4.104242e+01 -4.348108e+01  0.000000e+00
      vertex -5.071419e+01 -3.947490e+01 -5.000000e+00
    endloop
  endfacet
  facet normal -3.826834e-01 -9.238796e-01  0.000000e+00
    outer loop
      vertex -5.071419e+01 -3.947490e+01 -5.000000e+00
      vertex -4.104242e+01 -4.348108e+01  0.000000e+00
      vertex -5.071419e+01 -3.947490e+01  0.000000e+00
    endloop
  endfacet
  facet normal -4.617486e-01 -8.870109e-01  -0.000000e+00
    outer loop
      vertex -5.071419e+01 -3.947490e+01 -5.000000e+00
      vertex -5.071419e+01 -3.947490e+01  0.000000e+00
      vertex -6.000000e+01 -3.464102e+01 -5.000000e+00
    endloop
  endfacet
  facet normal -4.617486e-01 -8.870109e-01  0.000000e+00
    outer loop
      vertex -6.000000e+01 -3.464102e+01 -5.000000e+00
      vertex -5.071419e+01 -3.947490e+01  0.000000e+00
      vertex -6.000000e+01 -3.464102e+01  0.000000e+00
    endloop
  endfacet
  facet normal -9.990482e-01  4.361922e-02  0.000000e+00
    outer loop
      vertex -6.000000e+01 -3.464102e+01 -5.000000e+00
      vertex -6.000000e+01 -3.464102e+01  0.000000e+00
      vertex -5.954337e+01 -2.418233e+01 -5.000000e+00
    endloop
  endfacet
  facet normal -9.990482e-01  4.361922e-02  0.000000e+00
    outer loop
      vertex -5.954337e+01 -2.418233e+01 -5.000000e+00
      vertex -6.000000e+01 -3.464102e+01  0.000000e+00
      vertex -5.954337e+01 -2.418233e+01  0.000000e+00
    endloop
  endfacet
  facet normal -9.914448e-01  1.305264e-01  0.000000e+00
    outer loop
      vertex -5.954337e+01 -2.418233e+01 -5.000000e+00
      vertex -5.954337e+01 -2.418233e+01  0.000000e+00
      vertex -5.817693e+01 -1.380324e+01 -5.000000e+00
    endloop
  endfacet
  facet normal -9.914448e-01  1.305264e-01  0.000000e+00
    outer loop
      vertex -5.817693e+01 -1.380324e+01 -5.000000e+00
      vertex -5.954337e+01 -2.418233e+01  0.000000e+00
      vertex -5.817693e+01 -1.380324e+01  0.000000e+00
    endloop
  endfacet
  facet normal -9.762960e-01  2.164396e-01  0.000000e+00
    outer loop
      vertex -5.817693e+01 -1.380324e+01 -5.000000e+00
      vertex -5.817693e+01 -1.380324e+01  0.000000e+00
      vertex -5.591110e+01 -3.582731e+00 -5.000000e+00
    endloop
  endfacet
  facet normal -9.762960e-01  2.164396e-01  0.000000e+00
    outer loop
      vertex -5.591110e+01 -3.582731e+00 -5.000000e+00
      vertex -5.817693e+01 -1.380324e+01  0.000000e+00
      vertex -5.591110e+01 -3.582731e+00  0.000000e+00
    endloop
  endfacet
  facet normal -9.537170e-01  3.007057e-01  0.000000e+00
    outer loop
      vertex -5.591110e+01 -3.582731e+00 -5.000000e+00
      vertex -5.591110e+01 -3.582731e+00  0.000000e+00
      vertex -5.276311e+01  6.401401e+00 -5.000000e+00
    endloop
  endfacet
  facet normal -9.537170e-01  3.007057e-01  0.000000e+00
    outer loop
      vertex -5.276311e+01  6.401401e+00 -5.000000e+00
      vertex -5.591110e+01 -3.582731e+00  0.000000e+00
      vertex -5.276311e+01  6.401401e+00  0.000000e+00
    endloop
  endfacet
  facet normal -9.238795e-01  3.826834e-01  0.000000e+00
    outer loop
      vertex -5.276311e+01  6.401401e+00 -5.000000e+00
      vertex -5.276311e+01  6.401401e+00  0.000000e+00
      vertex -4.875694e+01  1.607318e+01 -5.000000e+00
    endloop
  endfacet
  facet normal -9.238795e-01  3.826834e-01  0.000000e+00
    outer loop
      vertex -4.875694e+01  1.607318e+01 -5.000000e+00
      vertex -5.276311e+01  6.401401e+00  0.000000e+00
      vertex -4.875694e+01  1.607318e+01  0.000000e+00
    endloop
  endfacet
  facet normal -8.870109e-01  4.617486e-01  0.000000e+00
    outer loop
      vertex -4.875694e+01  1.607318e+01 -5.000000e+00
      vertex -4.875694e+01  1.607318e+01  0.000000e+00
      vertex -4.392305e+01  2.535898e+01 -5.000000e+00
    endloop
  endfacet
  facet normal -8.870109e-01  4.617486e-01  0.000000e+00
    outer loop
      vertex -4.392305e+01  2.535898e+01 -5.000000e+00
      vertex -4.875694e+01  1.607318e+01  0.000000e+00
      vertex -4.392305e+01  2.535898e+01  0.000000e+00
    endloop
  endfacet
  facet normal -8.433914e-01  5.372998e-01  0.000000e+00
    outer loop
      vertex -4.392305e+01  2.535898e+01 -5.000000e+00
      vertex -4.392305e+01  2.535898e+01  0.000000e+00
      vertex -3.829824e+01  3.418816e+01 -5.000000e+00
    endloop
  endfacet
  facet normal -8.433914e-01  5.372998e-01  0.000000e+00
    outer loop
      vertex -3.829824e+01  3.418816e+01 -5.000000e+00
      vertex -4.392305e+01  2.535898e+01  0.000000e+00
      vertex -3.829824e+01  3.418816e+01  0.000000e+00
    endloop
  endfacet
  facet normal -7.933534e-01  6.087614e-01  0.000000e+00
    outer loop
      vertex -3.829824e+01  3.418816e+01 -5.000000e+00
      vertex -3.829824e+01  3.418816e+01  0.000000e+00
      vertex -3.192533e+01  4.249350e+01 -5.000000e+00
    endloop
  endfacet
  facet normal -7.933534e-01  6.087614e-01  0.000000e+00
    outer loop
      vertex -3.192533e+01  4.249350e+01 -5.000000e+00
      vertex -3.829824e+01  3.418816e+01  0.000000e+00
      vertex -3.192533e+01  4.249350e+01  0.000000e+00
    endloop
  endfacet
  facet normal -7.372773e-01  6.755902e-01  0.000000e+00
    outer loop
      vertex -3.192533e+01  4.249350e+01 -5.000000e+00
      vertex -3.192533e+01  4.249350e+01  0.000000e+00
      vertex -2.485281e+01  5.021180e+01 -5.000000e+00
    endloop
  endfacet
  facet normal -7.372773e-01  6.755902e-01  0.000000e+00
    outer loop
      vertex -2.485281e+01  5.021180e+01 -5.000000e+00
      vertex -3.192533e+01  4.249350e+01  0.000000e+00
      vertex -2.485281e+01  5.021180e+01  0.000000e+00
    endloop
  endfacet
  facet normal -6.755903e-01  7.372773e-01  0.000000e+00
    outer loop
      vertex -2.485281e+01  5.021180e+01 -5.000000e+00
      vertex -2.485281e+01  5.021180e+01  0.000000e+00
      vertex -1.713451e+01  5.728432e+01 -5.000000e+00
    endloop
  endfacet
  facet normal -6.755903e-01  7.372773e-01  0.000000e+00
    outer loop
      vertex -1.713451e+01  5.728432e+01 -5.000000e+00
      vertex -2.485281e+01  5.021180e+01  0.000000e+00
      vertex -1.713451e+01  5.728432e+01  0.000000e+00
    endloop
  endfacet
  facet normal -6.087615e-01  7.933534e-01  0.000000e+00
    outer loop
      vertex -1.713451e+01  5.728432e+01 -5.000000e+00
      vertex -1.713451e+01  5.728432e+01  0.000000e+00
      vertex -8.829172e+00  6.365723e+01 -5.000000e+00
    endloop
  endfacet
  facet normal -6.087615e-01  7.933534e-01  0.000000e+00
    outer loop
      vertex -8.829172e+00  6.365723e+01 -5.000000e+00
      vertex -1.713451e+01  5.728432e+01  0.000000e+00
      vertex -8.829172e+00  6.365723e+01  0.000000e+00
    endloop
  endfacet
  facet normal -5.372998e-01  8.433914e-01  0.000000e+00
    outer loop
      vertex -8.829172e+00  6.365723e+01 -5.000000e+00
      vertex -8.829172e+00  6.365723e+01  0.000000e+00
      vertex  1.421085e-13  6.928204e+01 -5.000000e+00
    endloop
  endfacet
  facet normal -5.372998e-01  8.433914e-01  0.000000e+00
    outer loop
      vertex  1.421085e-13  6.928204e+01 -5.000000e+00
      vertex -8.829172e+00  6.365723e+01  0.000000e+00
      vertex  1.421085e-13  6.928204e+01  0.000000e+00
    endloop
  endfacet
  facet normal  5.372998e-01  8.433914e-01  0.000000e+00
    outer loop
      vertex  1.421085e-13  6.928204e+01 -5.000000e+00
      vertex  1.421085e-13  6.928204e+01  0.000000e+00
      vertex  8.829172e+00  6.365723e+01 -5.000000e+00
    endloop
  endfacet
  facet normal  5.372998e-01  8.433914e-01  -0.000000e+00
    outer loop
      vertex  8.829172e+00  6.365723e+01 -5.000000e+00
      vertex  1.421085e-13  6.928204e+01  0.000000e+00
      vertex  8.829172e+00  6.365723e+01  0.000000e+00
    endloop
  endfacet
  facet normal  6.087615e-01  7.933534e-01  0.000000e+00
    outer loop
      vertex  8.829172e+00  6.365723e+01 -5.000000e+00
      vertex  8.829172e+00  6.365723e+01  0.000000e+00
      vertex  1.713451e+01  5.728432e+01 -5.000000e+00
    endloop
  endfacet
  facet normal  6.087615e-01  7.933534e-01  -0.000000e+00
    outer loop
      vertex  1.713451e+01  5.728432e+01 -5.000000e+00
      vertex  8.829172e+00  6.365723e+01  0.000000e+00
      vertex  1.713451e+01  5.728432e+01  0.000000e+00
    endloop
  endfacet
  facet normal  6.755903e-01  7.372773e-01  0.000000e+00
    outer loop
      vertex  1.713451e+01  5.728432e+01 -5.000000e+00
      vertex  1.713451e+01  5.728432e+01  0.000000e+00
      vertex  2.485281e+01  5.021180e+01 -5.000000e+00
    endloop
  endfacet
  facet normal  6.755903e-01  7.372773e-01  -0.000000e+00
    outer loop
      vertex  2.485281e+01  5.021180e+01 -5.000000e+00
      vertex  1.713451e+01  5.728432e+01  0.000000e+00
      vertex  2.485281e+01  5.021180e+01  0.000000e+00
    endloop
  endfacet
  facet normal  7.372773e-01  6.755902e-01  0.000000e+00
    outer loop
      vertex  2.485281e+01  5.021180e+01 -5.000000e+00
      vertex  2.485281e+01  5.021180e+01  0.000000e+00
      vertex  3.192533e+01  4.249350e+01 -5.000000e+00
    endloop
  endfacet
  facet normal  7.372773e-01  6.755902e-01  -0.000000e+00
    outer loop
      vertex  3.192533e+01  4.249350e+01 -5.000000e+00
      vertex  2.485281e+01  5.021180e+01  0.000000e+00
      vertex  3.192533e+01  4.249350e+01  0.000000e+00
    endloop
  endfacet
  facet normal  7.933534e-01  6.087614e-01  0.000000e+00
    outer loop
      vertex  3.192533e+01  4.249350e+01 -5.000000e+00
      vertex  3.192533e+01  4.249350e+01  0.000000e+00
      vertex  3.829824e+01  3.418816e+01 -5.000000e+00
    endloop
  endfacet
  facet normal  7.933534e-01  6.087614e-01  -0.000000e+00
    outer loop
      vertex  3.829824e+01  3.418816e+01 -5.000000e+00
      vertex  3.192533e+01  4.249350e+01  0.000000e+00
      vertex  3.829824e+01  3.418816e+01  0.000000e+00
    endloop
  endfacet
  facet normal  8.433914e-01  5.372998e-01  0.000000e+00
    outer loop
      vertex  3.829824e+01  3.418816e+01 -5.000000e+00
      vertex  3.829824e+01  3.418816e+01  0.000000e+00
      vertex  4.392305e+01  2.535898e+01 -5.000000e+00
    endloop
  endfacet
  facet normal  8.433914e-01  5.372998e-01  -0.000000e+00
    outer loop
      vertex  4.392305e+01  2.535898e+01 -5.000000e+00
      vertex  3.829824e+01  3.418816e+01  0.000000e+00
      vertex  4.392305e+01  2.535898e+01  0.000000e+00
    endloop
  endfacet
  facet normal  8.870109e-01  4.617486e-01  0.000000e+00
    outer loop
      vertex  4.392305e+01  2.535898e+01 -5.000000e+00
      vertex  4.392305e+01  2.535898e+01  0.000000e+00
      vertex  4.875694e+01  1.607318e+01 -5.000000e+00
    endloop
  endfacet
  facet normal  8.870109e-01  4.617486e-01  -0.000000e+00
    outer loop
      vertex  4.875694e+01  1.607318e+01 -5.000000e+00
      vertex  4.392305e+01  2.535898e+01  0.000000e+00
      vertex  4.875694e+01  1.607318e+01  0.000000e+00
    endloop
  endfacet
  facet normal  9.238795e-01  3.826834e-01  0.000000e+00
    outer loop
      vertex  4.875694e+01  1.607318e+01 -5.000000e+00
      vertex  4.875694e+01  1.607318e+01  0.000000e+00
      vertex  5.276311e+01  6.401401e+00 -5.000000e+00
    endloop
  endfacet
  facet normal  9.238795e-01  3.826834e-01  -0.000000e+00
    outer loop
      vertex  5.276311e+01  6.401401e+00 -5.000000e+00
      vertex  4.875694e+01  1.607318e+01  0.000000e+00
      vertex  5.276311e+01  6.401401e+00  0.000000e+00
    endloop
  endfacet
  facet normal  9.537170e-01  3.007057e-01  0.000000e+00
    outer loop
      vertex  5.276311e+01  6.401401e+00 -5.000000e+00
      vertex  5.276311e+01  6.401401e+00  0.000000e+00
      vertex  5.591110e+01 -3.582731e+00 -5.000000e+00
    endloop
  endfacet
  facet normal  9.537170e-01  3.007057e-01  -0.000000e+00
    outer loop
      vertex  5.591110e+01 -3.582731e+00 -5.000000e+00
      vertex  5.276311e+01  6.401401e+00  0.000000e+00
      vertex  5.591110e+01 -3.582731e+00  0.000000e+00
    endloop
  endfacet
  facet normal  9.762960e-01  2.164396e-01  0.000000e+00
    outer loop
      vertex  5.591110e+01 -3.582731e+00 -5.000000e+00
      vertex  5.591110e+01 -3.582731e+00  0.000000e+00
      vertex  5.817693e+01 -1.380324e+01 -5.000000e+00
    endloop
  endfacet
  facet normal  9.762960e-01  2.164396e-01  -0.000000e+00
    outer loop
      vertex  5.817693e+01 -1.380324e+01 -5.000000e+00
      vertex  5.591110e+01 -3.582731e+00  0.000000e+00
      vertex  5.817693e+01 -1.380324e+01  0.000000e+00
    endloop
  endfacet
  facet normal  9.914448e-01  1.305264e-01  0.000000e+00
    outer loop
      vertex  5.817693e+01 -1.380324e+01 -5.000000e+00
      vertex  5.817693e+01 -1.380324e+01  0.000000e+00
      vertex  5.954337e+01 -2.418233e+01 -5.000000e+00
    endloop
  endfacet
  facet normal  9.914448e-01  1.305264e-01  -0.000000e+00
    outer loop
      vertex  5.954337e+01 -2.418233e+01 -5.000000e+00
      vertex  5.817693e+01 -1.380324e+01  0.000000e+00
      vertex  5.954337e+01 -2.418233e+01  0.000000e+00
    endloop
  endfacet
  facet normal  9.990482e-01  4.361922e-02  0.000000e+00
    outer loop
      vertex  5.954337e+01 -2.418233e+01 -5.000000e+00
      vertex  5.954337e+01 -2.418233e+01  0.000000e+00
      vertex  6.000000e+01 -3.464102e+01 -5.000000e+00
    endloop
  endfacet
  facet normal  9.990482e-01  4.361922e-02  -0.000000e+00
    outer loop
      vertex  6.000000e+01 -3.464102e+01 -5.000000e+00
      vertex  5.954337e+01 -2.418233e+01  0.000000e+00
      vertex  6.000000e+01 -3.464102e+01  0.000000e+00
    endloop
  endfacet
endsolid CATIA STL
